code,name,biological_importance,action_priority,area_ha,action_main,action_sec1,action_sec2,action_sec3
1,BARREIRINHAS,ALTA,MUITO ALTA,565285.401605,CAR - BOAS PRATICAS,ORDENAMENTO,FOMENTO AO USO SUSTENTAVEL,
2,CHAPADINHA,ALTA,MUITO ALTA,877339.319041,CAR - BOAS PRATICAS,FOMENTO AO USO SUSTENTAVEL,ORDENAMENTO,
3,RIO PARNAIBA,ALTA,ALTA,167523.333543,CAR - BOAS PRATICAS,FOMENTO AO USO SUSTENTAVEL,ORDENAMENTO,
5,LAGOA DO CAJU,ALTA,ALTA,38301.0295934,FOMENTO AO USO SUSTENTAVEL,,,
6,LAGOA ALEGRE,ALTA,ALTA,91607.6837075,CRIACAO UCUS,FOMENTO AO USO SUSTENTAVEL,,
7,CODÓ,ALTA,ALTA,33901.612165,CAR - BOAS PRATICAS,ORDENAMENTO,,
8,TERESINA TIMON I,ALTA,ALTA,154470.221817,CAR - BOAS PRATICAS,ORDENAMENTO,,
9,MATÕES,ALTA,MUITO ALTA,216387.662002,CAR - BOAS PRATICAS,ORDENAMENTO,,
10,TERESINA TIMON III,ALTA,ALTA,34782.4610701,CAR - BOAS PRATICAS,ORDENAMENTO,,
11,TERESINA TIMON II,ALTA,ALTA,5935.60881248,CAR - BOAS PRATICAS,ORDENAMENTO,,
12,BREJO DO ITAPERU,ALTA,ALTA,14757.9326245,CAR - BOAS PRATICAS,ORDENAMENTO,,
14,ENTORNO TI BACURUZINHO,EXTREMAMENTE ALTA,MUITO ALTA,169561.090827,CRIACAO UC,,,
15,ENTORNO TI KANELA - TI PORQUINHOS,MUITO ALTA,ALTA,53267.372621,CAR - BOAS PRATICAS,ORDENAMENTO,,
16,RIO ITAPICURU,MUITO ALTA,EXTREMAMENTE ALTA,202252.867165,CAR - BOAS PRATICAS,ORDENAMENTO,,
18,ENTORNO PN CHAPADA DAS MESAS,ALTA,MUITO ALTA,675859.376088,FOMENTO AO USO SUSTENTAVEL,,,
19,RIO DAS BALSAS,MUITO ALTA,EXTREMAMENTE ALTA,383111.058279,CRIACAO UC,,,
20,RIO PARNAIBA - BALSAS,ALTA,MUITO ALTA,481041.084634,CAR - BOAS PRATICAS,ORDENAMENTO,,
21,RIACHO TUCUM,ALTA,MUITO ALTA,94223.5745707,CAR - BOAS PRATICAS,,,
22,RIOZINHO,EXTREMAMENTE ALTA,EXTREMAMENTE ALTA,387474.447033,CRIACAO UC,,,
23,BERTOLINEA,MUITO ALTA,EXTREMAMENTE ALTA,455299.958703,CRIACAO UC,,,
24,RIO SUCURIIJU,EXTREMAMENTE ALTA,EXTREMAMENTE ALTA,766482.209152,CRIACAO UC,,,
25,RIBEIRAO ARRAIS,ALTA,ALTA,26355.8695647,CAR - BOAS PRATICAS,,,
26,ENTORNO TI KRAOLANDIA,MUITO ALTA,ALTA,34857.554653,FOMENTO AO USO SUSTENTAVEL,,,
28,RIO PARNAIBA II,ALTA,MUITO ALTA,978837.803552,CAR - BOAS PRATICAS,FOMENTO AO USO SUSTENTAVEL,CORREDOR_MOSAICO,ORDENAMENTO
29,NASCENTE URUÇUI,EXTREMAMENTE ALTA,EXTREMAMENTE ALTA,70176.5507075,CRIACAO UCUS,,,
31,RECURSOLÂNDIA,MUITO ALTA,ALTA,293154.749679,CAR - BOAS PRATICAS,ORDENAMENTO,,
32,CASEARA,MUITO ALTA,MUITO ALTA,169665.13692,CAR - BOAS PRATICAS,FOMENTO AO USO SUSTENTAVEL,ORDENAMENTO,
33,ENTORNO PN SERRA DAS CONFUSÕES I,ALTA,ALTA,95690.0036655,CAR - BOAS PRATICAS,ORDENAMENTO,,
34,RIO LAJEADO - TO,ALTA,MUITO ALTA,574211.7439,CAR - BOAS PRATICAS,FOMENTO AO USO SUSTENTAVEL,,
35,SERRA DO QUILOMBO,EXTREMAMENTE ALTA,EXTREMAMENTE ALTA,113441.455367,CRIACAO UC,,,
36,LIZARDA,EXTREMAMENTE ALTA,EXTREMAMENTE ALTA,733514.230309,CRIACAO UC,,,
37,ENTORNO TI XERENTE,EXTREMAMENTE ALTA,EXTREMAMENTE ALTA,208803.28062,CAR - BOAS PRATICAS,ORDENAMENTO,,
38,RIO DO SONO,ALTA,MUITO ALTA,102811.87499,FOMENTO AO USO SUSTENTAVEL,,,
39,RIO URUÇUI-VERMELHO,MUITO ALTA,EXTREMAMENTE ALTA,391907.310044,CRIACAO UC,FOMENTO AO USO SUSTENTAVEL,,
40,ENTORNO PN NASCENTES DO PARNAÍBA,EXTREMAMENTE ALTA,EXTREMAMENTE ALTA,110356.437979,CRIACAO UC,,,
41,RIO DO COCO,MUITO ALTA,MUITO ALTA,336969.122532,CAR - BOAS PRATICAS,FOMENTO AO USO SUSTENTAVEL,ORDENAMENTO,
43,LAJEADO,ALTA,ALTA,84703.2328863,FOMENTO AO USO SUSTENTAVEL,,,
45,RIO SONO,MUITO ALTA,MUITO ALTA,471187.813042,ORDENAMENTO,CRIACAO DE UC,CAR - BOAS PRATICAS,
46,RIO ARAGUAIA I,ALTA,ALTA,77245.6069504,CAR - BOAS PRATICAS,,,
47,PONTE ALTA,MUITO ALTA,EXTREMAMENTE ALTA,767572.829138,CRIACAO UC,CAR - BOAS PRATICAS,ORDENAMENTO,
48,LAGOA DO TOCANTINS,MUITO ALTA,MUITO ALTA,195643.493586,CRIACAO UC,CAR - BOAS PRATICAS,ORDENAMENTO,
49,IPUCAS,MUITO ALTA,MUITO ALTA,320139.371228,CAR - BOAS PRATICAS,FOMENTO AO USO SUSTENTAVEL,,
50,PIUM,MUITO ALTA,EXTREMAMENTE ALTA,320350.060423,CAR - BOAS PRATICAS,FOMENTO AO USO SUSTENTAVEL,ORDENAMENTO,
51,ENTORNO ESEC SERRA GERAL DO TOCANTINS,ALTA,ALTA,80323.475843,FOMENTO AO USO SUSTENTAVEL,,,
52,RIO GALHÃO,ALTA,ALTA,123125.159869,FOMENTO AO USO SUSTENTAVEL,,,
53,RIO SAPÃO,EXTREMAMENTE ALTA,EXTREMAMENTE ALTA,766361.783749,CRIACAO UCPI,CAR - BOAS PRATICAS,,
54,BURITIRAMA,ALTA,MUITO ALTA,381778.524981,CRIACAO UCPI,CAR - BOAS PRATICAS,,
55,PORTO NACIONAL,ALTA,MUITO ALTA,273580.485174,CAR - BOAS PRATICAS,,,
56,FORMOSA DO RIO PRETO,MUITO ALTA,EXTREMAMENTE ALTA,1089566.57495,CRIACAO UCUS,CAR - BOAS PRATICAS,,
58,ALMAS,EXTREMAMENTE ALTA,MUITO ALTA,111024.981837,CRIACAO UC,,,
59,RIO BAGAGEM,EXTREMAMENTE ALTA,EXTREMAMENTE ALTA,107937.241544,CRIACAO UC,,,
60,AURORA DO TOCANTINS,MUITO ALTA,ALTA,527385.478515,CAR - BOAS PRATICAS,CORREDOR_MOSAICO,ORDENAMENTO,
62,CÓRREGO SÃO FELIPE,ALTA,MUITO ALTA,19890.3707734,CAR - BOAS PRATICAS,ORDENAMENTO,,
63,RIO SÃO VALÉRIO,ALTA,MUITO ALTA,355136.696908,CAR - BOAS PRATICAS,FOMENTO AO USO SUSTENTAVEL,,
64,RIO SAO FRANCISCO 2,ALTA,ALTA,51837.3929343,CRIACAO UCUS,CAR - BOAS PRATICAS,,
65,RIO DE JANEIRO,EXTREMAMENTE ALTA,MUITO ALTA,249755.728145,CRIACAO UCPI,CAR - BOAS PRATICAS,,
66,COTEGIPE,MUITO ALTA,MUITO ALTA,157811.583326,CRIACAO UCPI,CAR - BOAS PRATICAS,,
67,ENTORNO PE ARAGUAIA,ALTA,ALTA,133659.842274,CRIACAO UCPI,CORREDOR_MOSAICO,,
68,RIO CRISTALINO,MUITO ALTA,MUITO ALTA,1274972.57382,RECUPERACAO,FOMENTO AO USO SUSTENTAVEL,CORREDOR_MOSAICO,
69,RIO TOCANTINS,ALTA,ALTA,380613.091223,CAR - BOAS PRATICAS,ORDENAMENTO,,
70,RIO PONTE ALTA,EXTREMAMENTE ALTA,EXTREMAMENTE ALTA,269067.549351,CRIACAO UC,,,
71,RIO SANTA TEREZA,ALTA,MUITO ALTA,274954.71959,CAR - BOAS PRATICAS,ORDENAMENTO,,
72,RIO MURERE,ALTA,ALTA,186198.363322,RECUPERACAO,FOMENTO AO USO SUSTENTAVEL,,
73,CRISTÓPOLIS,MUITO ALTA,MUITO ALTA,254274.356517,CRIACAO UCPI,CAR - BOAS PRATICAS,,
74,RIO PAPAGAIO,MUITO ALTA,ALTA,288964.010055,FOMENTO AO USO SUSTENTAVEL,,,
75,RIO DE ONDAS,EXTREMAMENTE ALTA,EXTREMAMENTE ALTA,259599.551167,CRIACAO UCPI,CAR - BOAS PRATICAS,COMPENSACAO,
76,MUQUEM DE SÃO FRANCISCO,ALTA,ALTA,95875.8721113,CAR - BOAS PRATICAS,RECUPERACAO,,
77,RIO DO FOGO,MUITO ALTA,EXTREMAMENTE ALTA,105704.460227,FOMENTO AO USO SUSTENTAVEL,,,
78,CONCEIÇÃO DO TOCANTINS,EXTREMAMENTE ALTA,EXTREMAMENTE ALTA,434254.919064,CRIACAO UC,,,
79,SÃO DESIDÉRIO,MUITO ALTA,MUITO ALTA,373229.400134,CRIACAO UCPI,CAR - BOAS PRATICAS,COMPENSACAO,
80,RIO SAO FRANCISCO 1,ALTA,ALTA,178702.344317,CRIACAO UCUS,CAR - BOAS PRATICAS,,
82,BAIANÓPOLIS,MUITO ALTA,ALTA,53306.9983283,CRIACAO UCPI,CAR - BOAS PRATICAS,,
83,SERRA DE CALDAS,EXTREMAMENTE ALTA,EXTREMAMENTE ALTA,819650.559533,CRIACAO UC,,,
84,ARAGUAAÇU,EXTREMAMENTE ALTA,MUITO ALTA,265524.407017,CAR - BOAS PRATICAS,RECUPERACAO,,
87,RIO TELES PIRES,EXTREMAMENTE ALTA,EXTREMAMENTE ALTA,709560.999151,CRIACAO UC,,,
89,CORRENTINA,EXTREMAMENTE ALTA,EXTREMAMENTE ALTA,748104.29839,CRIACAO UCPI,CAR - BOAS PRATICAS,,
90,SERRA DA PRATA,MUITO ALTA,ALTA,307338.550656,CRIACAO UC,FOMENTO AO USO SUSTENTAVEL,,
91,SÃO DOMINGOS,ALTA,ALTA,95071.3305076,CORREDOR_MOSAICO,,,
92,RIO MUTUM,MUITO ALTA,ALTA,36482.8055936,CRIACAO UCPI,CAR - BOAS PRATICAS,,
94,SANTA MARIA DA VITÓRIA,ALTA,ALTA,26908.9420041,CAR - BOAS PRATICAS,,,
97,RIO ARINOS,MUITO ALTA,MUITO ALTA,509995.368791,RECUPERACAO,CORREDOR_MOSAICO,,
99,ENTORNO TI AREÕES I,MUITO ALTA,ALTA,100706.984187,RECUPERACAO,FOMENTO AO USO SUSTENTAVEL,,
100,RIO FORMIGA,MUITO ALTA,ALTA,23585.3312052,CORREDOR_MOSAICO,,,
101,RIO CULUENE,MUITO ALTA,MUITO ALTA,425348.74188,CRIACAO UC,RECUPERACAO,,
102,POUSO ALTO,MUITO ALTA,MUITO ALTA,311264.35263,CRIACAO UC,RECUPERACAO,,
104,SÃO FELIX DO CORIBE,MUITO ALTA,ALTA,89297.1739776,CRIACAO UCPI,CAR - BOAS PRATICAS,,
105,RIACHO PEDRA-BRANCA,ALTA,ALTA,51535.6382426,CRIACAO UCPI,CAR - BOAS PRATICAS,,
106,JABORANDI,MUITO ALTA,MUITO ALTA,567136.955987,CRIACAO UCPI,CAR - BOAS PRATICAS,,
107,RIACHO DO RAMALHO,MUITO ALTA,ALTA,85383.4780258,CRIACAO UCPI,CAR - BOAS PRATICAS,,
108,MAMBAÍ,MUITO ALTA,MUITO ALTA,513220.357278,CORREDOR_MOSAICO,,,
109,RIO TRAÍRAS,MUITO ALTA,MUITO ALTA,301984.979243,RECUPERACAO,CORREDOR_MOSAICO,,
110,SERRA DE SÃO BARTOLOMEU,MUITO ALTA,MUITO ALTA,188247.153824,CRIACAO UCPI,RECUPERACAO,FOMENTO AO USO SUSTENTAVEL,
111,RIO ARROJADO,EXTREMAMENTE ALTA,EXTREMAMENTE ALTA,201410.411218,CRIACAO UCPI,CAR - BOAS PRATICAS,,
112,RIO JUINA,MUITO ALTA,MUITO ALTA,112406.063666,CRIACAO UC,,,
113,RIO ARAGUAIA II,MUITO ALTA,EXTREMAMENTE ALTA,697857.115732,RECUPERACAO,FOMENTO AO USO SUSTENTAVEL,,
114,ENTORNO PN CHAPADA DOS VEADEIROS,MUITO ALTA,MUITO ALTA,194651.873313,CAR - BOAS PRATICAS,,,
115,NIQUELÂNDIA,MUITO ALTA,EXTREMAMENTE ALTA,401955.247968,CAR - BOAS PRATICAS,,,
116,RIO AREOES,MUITO ALTA,MUITO ALTA,135258.717794,RECUPERACAO,FOMENTO AO USO SUSTENTAVEL,,
117,ENTORNO TI MARECHAL RONDON,MUITO ALTA,ALTA,9750.91869372,CRIACAO UC,FOMENTO AO USO SUSTENTAVEL,,
118,FOZ DO CARINHANHA,EXTREMAMENTE ALTA,MUITO ALTA,102715.026217,CRIACAO UC,FOMENTO AO USO SUSTENTAVEL,,
119,URUAÇU,MUITO ALTA,MUITO ALTA,260080.622391,RECUPERACAO,CORREDOR_MOSAICO,,
120,RIO CORRENTE,MUITO ALTA,MUITO ALTA,388838.111438,FOMENTO AO USO SUSTENTAVEL,,,
121,LAGOAS DO RIO SÃO FRANCISCO,MUITO ALTA,ALTA,44276.141887,CRIACAO UCPI,CAR - BOAS PRATICAS,COMPENSACAO,
122,CORIBE,MUITO ALTA,ALTA,11638.5319441,CRIACAO UCPI,CAR - BOAS PRATICAS,,
123,ENTORNO TI AREÕES II,MUITO ALTA,ALTA,35517.8848944,RECUPERACAO,FOMENTO AO USO SUSTENTAVEL,,
124,ENTORNO RVS VEREDAS,EXTREMAMENTE ALTA,MUITO ALTA,124559.760556,CRIACAO UCPI,CAR - BOAS PRATICAS,RECUPERACAO,
125,COCOS,EXTREMAMENTE ALTA,MUITO ALTA,14316.0758648,CRIACAO UCPI,CAR - BOAS PRATICAS,,
126,RIO CUIABÁ,EXTREMAMENTE ALTA,EXTREMAMENTE ALTA,452880.437239,CRIACAO UC,,,
127,NASCENTES DO RIO PARAGUAI,EXTREMAMENTE ALTA,EXTREMAMENTE ALTA,144782.312184,RECUPERACAO,,,
128,RIO PARANÃ,MUITO ALTA,EXTREMAMENTE ALTA,215819.115087,CAR - BOAS PRATICAS,FOMENTO AO USO SUSTENTAVEL,,
129,CABECEIRAS DO RIO JAURU,EXTREMAMENTE ALTA,EXTREMAMENTE ALTA,320320.381429,CRIACAO UC,,,
130,CARINHANA,EXTREMAMENTE ALTA,EXTREMAMENTE ALTA,306312.621661,CRIACAO UCPI,FOMENTO AO USO SUSTENTAVEL,,
131,ENTORNO TI AREÕES III,MUITO ALTA,ALTA,17288.197688,RECUPERACAO,FOMENTO AO USO SUSTENTAVEL,,
132,RIO FORMOSO,EXTREMAMENTE ALTA,MUITO ALTA,38351.2214488,CRIACAO UCPI,CAR - BOAS PRATICAS,,
133,NOVA XAVANTINA,MUITO ALTA,ALTA,113024.2312,RECUPERACAO,FOMENTO AO USO SUSTENTAVEL,,
134,RIO MANSO,EXTREMAMENTE ALTA,EXTREMAMENTE ALTA,918424.700651,CORREDOR_MOSAICO,,,
135,IUIÚ,MUITO ALTA,ALTA,73763.9039975,CAR - BOAS PRATICAS,,,
136,CRIXÁS,EXTREMAMENTE ALTA,EXTREMAMENTE ALTA,209193.660503,RECUPERACAO,FOMENTO AO USO SUSTENTAVEL,,
137,RIO DOS CAVALOS,EXTREMAMENTE ALTA,EXTREMAMENTE ALTA,171518.349842,FOMENTO AO USO SUSTENTAVEL,,,
138,RIO PINDAÍBA,MUITO ALTA,MUITO ALTA,514110.51133,RECUPERACAO,FOMENTO AO USO SUSTENTAVEL,INVENTARIO,
139,FORMOSO,MUITO ALTA,EXTREMAMENTE ALTA,579021.91095,COMPENSACAO,FOMENTO AO USO SUSTENTAVEL,,
140,ENTORNO TI SANGRADOURO / VOLTA GRANDE,MUITO ALTA,MUITO ALTA,240289.468739,RECUPERACAO,FOMENTO AO USO SUSTENTAVEL,,
141,RIO SUCURU,ALTA,ALTA,319281.53984,CAR - BOAS PRATICAS,,,
142,RIO MARANHÃO,MUITO ALTA,ALTA,123317.321357,CRIACAO UC,CAR - BOAS PRATICAS,CORREDOR_MOSAICO,
143,JAIBA,MUITO ALTA,ALTA,30721.8901037,CAR - BOAS PRATICAS,RECUPERACAO,FOMENTO AO USO SUSTENTAVEL,
144,RIO CANA BRAVA,ALTA,MUITO ALTA,218792.768295,RECUPERACAO,FOMENTO AO USO SUSTENTAVEL,,
145,PERUACU,EXTREMAMENTE ALTA,MUITO ALTA,69182.6101232,CRIACAO UCPI,,,
146,CHAPADA DA CONTAGEM,EXTREMAMENTE ALTA,EXTREMAMENTE ALTA,501987.163369,CRIACAO UC,CORREDOR_MOSAICO,,
147,PANDEIROS CONCHÁ E GIBÃO,EXTREMAMENTE ALTA,EXTREMAMENTE ALTA,660932.917126,CRIACAO UCPI,FOMENTO AO USO SUSTENTAVEL,CORREDOR_MOSAICO,
148,CAVERNAS PERUACU,EXTREMAMENTE ALTA,MUITO ALTA,4806.83248991,CRIACAO UCPI,FOMENTO AO USO SUSTENTAVEL,,
149,RIO JAGUARA,MUITO ALTA,MUITO ALTA,82169.6992508,CORREDOR_MOSAICO,,,
150,RIO COXIPÓ,MUITO ALTA,MUITO ALTA,369200.122325,RECUPERACAO,FOMENTO AO USO SUSTENTAVEL,,
151,ENTORNO TI MERURE,EXTREMAMENTE ALTA,MUITO ALTA,80125.2571378,CORREDOR_MOSAICO,,,
153,CORREGO SANGRADOURO,MUITO ALTA,MUITO ALTA,729271.425053,CORREDOR_MOSAICO,,,
155,RIO ARICÁ-AÇU,MUITO ALTA,MUITO ALTA,119384.941316,FOMENTO AO USO SUSTENTAVEL,,,
156,RIO PRATA,EXTREMAMENTE ALTA,EXTREMAMENTE ALTA,554193.906592,CRIACAO UCPI,,,
157,RIO AREIAL,EXTREMAMENTE ALTA,EXTREMAMENTE ALTA,338586.217928,RECUPERACAO,,,
158,PIRENÓPOLIS,EXTREMAMENTE ALTA,EXTREMAMENTE ALTA,207392.890717,CRIACAO UC,CORREDOR_MOSAICO,,
159,RIO SÃO BARTOLOMEU,EXTREMAMENTE ALTA,EXTREMAMENTE ALTA,529900.905768,CAR - BOAS PRATICAS,,,
160,RIO URUCUIA,MUITO ALTA,ALTA,11325.2032152,CRIACAO UC,RECUPERACAO,,
161,RIO CUIABÁ-MIRIM,MUITO ALTA,MUITO ALTA,267689.158863,FOMENTO AO USO SUSTENTAVEL,,,
162,RIBEIRÃO BARREIRO,MUITO ALTA,EXTREMAMENTE ALTA,21542.9467296,CAR - BOAS PRATICAS,RECUPERACAO,FOMENTO AO USO SUSTENTAVEL,
163,RIACHO SAO FELIPE,EXTREMAMENTE ALTA,MUITO ALTA,46991.3444959,FOMENTO AO USO SUSTENTAVEL,CORREDOR_MOSAICO,,
164,FORMOSA,MUITO ALTA,MUITO ALTA,140407.430535,CAR - BOAS PRATICAS,,,
165,BARRA DO GARÇAS,MUITO ALTA,EXTREMAMENTE ALTA,531070.598716,RECUPERACAO,FOMENTO AO USO SUSTENTAVEL,,
166,RIO DO CERVO,MUITO ALTA,EXTREMAMENTE ALTA,336724.947422,RECUPERACAO,,,
167,VERDELANDIA,MUITO ALTA,ALTA,9786.90345858,RECUPERACAO,,,
168,RIO BENTO GOMES,MUITO ALTA,MUITO ALTA,1051488.26914,CRIACAO UCPI,FOMENTO AO USO SUSTENTAVEL,,
169,RIBEIRÃO MUTUM,MUITO ALTA,EXTREMAMENTE ALTA,258507.441401,RECUPERACAO,,,
170,RIO MACAUBAS,MUITO ALTA,ALTA,123795.235075,FOMENTO AO USO SUSTENTAVEL,CORREDOR_MOSAICO,,
172,RIO AGUAPEI,ALTA,ALTA,49886.5156347,FOMENTO AO USO SUSTENTAVEL,,,
173,SÃO ROMÃO,MUITO ALTA,EXTREMAMENTE ALTA,470922.035733,CAR - BOAS PRATICAS,COMPENSACAO,,
174,SANTUARIO SÃO MIGUEL,MUITO ALTA,MUITO ALTA,113056.51624,CRIACAO UCPI,,,
175,ENTORNO PE SERRA DOURADA,MUITO ALTA,MUITO ALTA,128859.521988,CAR - BOAS PRATICAS,RECUPERACAO,ORDENAMENTO,
176,RIO CORUMBÁ,EXTREMAMENTE ALTA,EXTREMAMENTE ALTA,293354.070035,CAR - BOAS PRATICAS,RECUPERACAO,FOMENTO AO USO SUSTENTAVEL,
177,RIO CAIAPÓ,EXTREMAMENTE ALTA,MUITO ALTA,174675.908848,RECUPERACAO,FOMENTO AO USO SUSTENTAVEL,,
178,MONTES CLAROS,MUITO ALTA,EXTREMAMENTE ALTA,453379.979863,RECUPERACAO,FOMENTO AO USO SUSTENTAVEL,,
179,PIRANHAS,MUITO ALTA,EXTREMAMENTE ALTA,241190.051111,RECUPERACAO,FOMENTO AO USO SUSTENTAVEL,,
180,RIO PIRAIM,MUITO ALTA,MUITO ALTA,238357.858176,FOMENTO AO USO SUSTENTAVEL,CORREDOR_MOSAICO,,
181,RIACHO DOS MACHADOS,MUITO ALTA,ALTA,49316.5054183,CRIACAO UCUS,,,
182,CORIXO DO GUIRÁ,MUITO ALTA,MUITO ALTA,238607.850913,CORREDOR_MOSAICO,,,
183,RIO DA MEIA PONTE,EXTREMAMENTE ALTA,MUITO ALTA,465395.064085,CAR - BOAS PRATICAS,RECUPERACAO,,
184,UNAÍ,MUITO ALTA,MUITO ALTA,183773.859546,RECUPERACAO,,,
185,VAZANTE DO INHATIUM,MUITO ALTA,EXTREMAMENTE ALTA,270022.922256,CORREDOR_MOSAICO,,,
186,RIO PARACATU 2,MUITO ALTA,ALTA,249935.816421,FOMENTO AO USO SUSTENTAVEL,,,
187,RIBEIRÃO TICORORÓ,MUITO ALTA,ALTA,67965.1391931,CRIACAO UCPI,,,
188,BONFINÓPOLIS,MUITO ALTA,EXTREMAMENTE ALTA,326034.193905,FOMENTO AO USO SUSTENTAVEL,,,
189,RIO SÃO LOURENÇO,MUITO ALTA,MUITO ALTA,427539.038154,FOMENTO AO USO SUSTENTAVEL,,,
190,DOVERLÂNDIA,MUITO ALTA,MUITO ALTA,560113.899933,FOMENTO AO USO SUSTENTAVEL,,,
191,RIO DOS BOIS,MUITO ALTA,EXTREMAMENTE ALTA,295568.795755,CRIACAO UC,CAR - BOAS PRATICAS,RECUPERACAO,
192,RIBEIRÃO PONTE DE PEDRA,EXTREMAMENTE ALTA,EXTREMAMENTE ALTA,122316.130659,RECUPERACAO,,,
193,RIO PIRACANJUBA,MUITO ALTA,EXTREMAMENTE ALTA,101032.523158,CAR - BOAS PRATICAS,RECUPERACAO,,
194,CAVERNAS DE UNAÍ,ALTA,ALTA,3362.72360598,CAR - BOAS PRATICAS,,,
195,CÓRREGO PINDAIVAL,MUITO ALTA,EXTREMAMENTE ALTA,220748.188004,CRIACAO UCUS,,,
196,UNAÍ II,MUITO ALTA,MUITO ALTA,79448.8095613,CRIACAO UCPI,,,
197,CRISTALINA,EXTREMAMENTE ALTA,EXTREMAMENTE ALTA,83732.3177878,CAR - BOAS PRATICAS,,,
198,RIO TURVO - GO,MUITO ALTA,EXTREMAMENTE ALTA,239183.476796,CAR - BOAS PRATICAS,RECUPERACAO,,
199,ALTO ARAGUAIA,MUITO ALTA,EXTREMAMENTE ALTA,352766.263204,CRIACAO UC,CAR - BOAS PRATICAS,RECUPERACAO,FOMENTO AO USO SUSTENTAVEL
200,CAIAPÔNIA,MUITO ALTA,MUITO ALTA,370387.353749,CRIACAO UC,RECUPERACAO,,
201,SÃO PEDRO,ALTA,ALTA,98002.6980565,CRIACAO UCPI,CORREDOR_MOSAICO,,
202,RIACHO DO BANO,MUITO ALTA,MUITO ALTA,65184.2668188,RECUPERACAO,FOMENTO AO USO SUSTENTAVEL,,
203,RIO CORUMBÁ II,MUITO ALTA,MUITA ALTA,293357.773959,RECUPERACAO,,,
204,RIO PONTE DE PEDRA,EXTREMAMENTE ALTA,EXTREMAMENTE ALTA,299243.913538,CAR - BOAS PRATICAS,RECUPERACAO,,
205,RIO ITIQUIRA - PANTANAL,MUITO ALTA,MUITO ALTA,214239.413405,CORREDOR_MOSAICO,,,
206,RIO ITIQUIRA,EXTREMAMENTE ALTA,MUITO ALTA,87503.4932599,RECUPERACAO,,,
207,SANTA CRUZ DE GOIÁS,MUITO ALTA,ALTA,113352.257594,CRIACAO UC,RECUPERACAO,,
208,JOÃO PINHEIRO,ALTA,ALTA,63607.7108019,RECUPERACAO,COMPENSACAO,,
209,RIO PARACATU,ALTA,ALTA,183291.473648,RECUPERACAO,COMPENSACAO,FOMENTO AO USO SUSTENTAVEL,
210,JEQUITAÍ,MUITO ALTA,EXTREMAMENTE ALTA,247614.841712,CRIACAO UCPI,CORREDOR_MOSAICO,,
211,RIO DAS VELHAS,MUITO ALTA,EXTREMAMENTE ALTA,331375.865916,RECUPERACAO,CORREDOR_MOSAICO,,
212,RIO SÃO MARCOS,ALTA,MUITO ALTA,196847.782649,RECUPERACAO,FOMENTO AO USO SUSTENTAVEL,,
213,JATAÍ,MUITO ALTA,EXTREMAMENTE ALTA,356232.797732,CAR - BOAS PRATICAS,RECUPERACAO,,
214,RIO VERÍSSIMO,ALTA,MUITO ALTA,351769.600883,CRIACAO UC,RECUPERACAO,,
215,BURITIZEIRO,MUITO ALTA,ALTA,57910.7332842,CRIACAO UCPI,,,
216,RIO CORRENTES,EXTREMAMENTE ALTA,EXTREMAMENTE ALTA,576137.185286,CRIACAO UCPI,CORREDOR_MOSAICO,,
217,SERRANÓPOLIS,MUITO ALTA,EXTREMAMENTE ALTA,711338.89801,CRIACAO UC,RECUPERACAO,FOMENTO AO USO SUSTENTAVEL,
218,DIAMANTINA,EXTREMAMENTE ALTA,EXTREMAMENTE ALTA,556983.657731,FOMENTO AO USO SUSTENTAVEL,CORREDOR_MOSAICO,,
219,SERRA DO CABRAL,EXTREMAMENTE ALTA,EXTREMAMENTE ALTA,246509.207025,CRIACAO UCPI,CORREDOR_MOSAICO,,
220,ALTO RIO TAQUARI,MUITO ALTA,EXTREMAMENTE ALTA,556916.229614,CORREDOR_MOSAICO,,,
221,RIO BORRACHUDO,ALTA,MUITO ALTA,1286529.71447,RECUPERACAO,COMPENSACAO,FOMENTO AO USO SUSTENTAVEL,CORREDOR_MOSAICO
222,SÃO BARTOLOMEU,ALTA,ALTA,54876.7603325,RECUPERACAO,COMPENSACAO,FOMENTO AO USO SUSTENTAVEL,
223,VAZANTE,ALTA,ALTA,504787.244698,CRIACAO UCPI,CORREDOR_MOSAICO,,
224,RIO PARAGUAI - CORUMBÁ,ALTA,ALTA,343160.407912,CORREDOR_MOSAICO,,,
225,VAZANTE SANTA MARIA,MUITO ALTA,EXTREMAMENTE ALTA,115550.278645,CRIACAO UCPI,,,
226,RIO DOCE,MUITO ALTA,EXTREMAMENTE ALTA,12855.3248356,CAR - BOAS PRATICAS,RECUPERACAO,,
227,JACUBA - CORRENTE,MUITO ALTA,MUITO ALTA,394314.346069,RECUPERACAO,,,
228,RIO DAS TABOCAS,ALTA,ALTA,20437.3122527,CRIACAO UCPI,,,
229,RIO TAQUARI,EXTREMAMENTE ALTA,EXTREMAMENTE ALTA,512037.918715,RECUPERACAO,FOMENTO AO USO SUSTENTAVEL,,
230,PRESIDENTE OLEGÁRIO,ALTA,ALTA,209829.060308,CRIACAO UCPI,,,
231,RIO DA PRATA,MUITO ALTA,EXTREMAMENTE ALTA,392448.924888,RECUPERACAO,FOMENTO AO USO SUSTENTAVEL,,
232,CORINTO,MUITO ALTA,MUITO ALTA,33383.5716828,COMPENSACAO,,,
233,RIO JAURU -MS,MUITO ALTA,EXTREMAMENTE ALTA,175839.015008,CRIACAO UCPI,,,
234,VAZANTE RIOZINHO,MUITO ALTA,EXTREMAMENTE ALTA,509135.648034,CRIACAO UCPI,,,
235,TRÊS LAGOAS,EXTREMAMENTE ALTA,EXTREMAMENTE ALTA,460149.00877,RECUPERACAO,,,
236,FELIXLÂNDIA,MUITO ALTA,ALTA,164122.695231,CRIACAO UCUS,FOMENTO AO USO SUSTENTAVEL,,
237,MOSAICO CIPO INTENDENTE,EXTREMAMENTE ALTA,EXTREMAMENTE ALTA,332113.920757,CRIACAO UCPI,FOMENTO AO USO SUSTENTAVEL,CORREDOR_MOSAICO,
238,CARSTE LAGOA SANTA,EXTREMAMENTE ALTA,EXTREMAMENTE ALTA,558805.663802,CRIACAO UCPI,CORREDOR_MOSAICO,,
239,RIO ARAGUARI,MUITO ALTA,EXTREMAMENTE ALTA,672835.730715,RECUPERACAO,,,
240,RIO COXIM,ALTA,MUITO ALTA,241104.855252,RECUPERACAO,,,
241,ITUIUTABA,MUITO ALTA,EXTREMAMENTE ALTA,979769.814591,CRIACAO UCPI,RECUPERACAO,,
242,CÓRREGO FUNDO,MUITO ALTA,EXTREMAMENTE ALTA,89620.8188703,CRIACAO UCPI,,,
243,VAZANTE GRANDE,MUITO ALTA,MUITO ALTA,338022.680557,CRIACAO UCPI,,,
244,CURVELO,MUITO ALTA,ALTA,47564.3161225,RECUPERACAO,FOMENTO AO USO SUSTENTAVEL,,
245,RIO NEGRO,MUITO ALTA,MUITO ALTA,1074062.55731,CORREDOR_MOSAICO,,,
246,CORUMBÁ,EXTREMAMENTE ALTA,EXTREMAMENTE ALTA,245725.15149,CRIACAO UCPI,,,
247,RIO DO PEIXE,MUITO ALTA,EXTREMAMENTE ALTA,102288.213952,CRIACAO UCPI,,,
248,RIO SÃO DOMINGOS,MUITO ALTA,EXTREMAMENTE ALTA,79988.3048975,RECUPERACAO,,,
249,RIO NEGRO - SERRA MARACAJU,MUITO ALTA,ALTA,14070.7115664,CRIACAO UCPI,,,
250,RIBEIRÃO AQUIDAUANA,EXTREMAMENTE ALTA,EXTREMAMENTE ALTA,439902.18315,RECUPERACAO,,,
251,IBIÁ,ALTA,ALTA,59695.5062746,RECUPERACAO,FOMENTO AO USO SUSTENTAVEL,COMPENSACAO,
252,RIO MIRANDA,MUITO ALTA,MUITO ALTA,496811.376339,CORREDOR_MOSAICO,,,
253,RIO PARAOPEBA,MUITO ALTA,MUITO ALTA,257258.382623,CRIACAO UCUS,FOMENTO AO USO SUSTENTAVEL,,
254,ARAXÁ,MUITO ALTA,EXTREMAMENTE ALTA,147492.828796,CAR - BOAS PRATICAS,,,
255,RIO TABOCO,MUITO ALTA,EXTREMAMENTE ALTA,181139.105642,CRIACAO UCPI,,,
256,DIVINÓPOLIS,MUITO ALTA,EXTREMAMENTE ALTA,201482.834905,RECUPERACAO,,,
257,CÓRREGO AGACHI,EXTREMAMENTE ALTA,EXTREMAMENTE ALTA,148611.513062,CRIACAO UCPI,,,
258,RIO MIRANDA - PANTANAL,EXTREMAMENTE ALTA,MUITO ALTA,190658.098419,CORREDOR_MOSAICO,,,
259,TAPIRA,ALTA,ALTA,165416.196752,CRIACAO UCPI,CORREDOR_MOSAICO,,
260,RIO NABILEQUE,ALTA,ALTA,194867.892168,CORREDOR_MOSAICO,,,
261,BODOQUENA,ALTA,ALTA,350777.839667,CORREDOR_MOSAICO,,,
262,RIO PRETO,ALTA,ALTA,88790.2890483,CAR - BOAS PRATICAS,RECUPERACAO,,
263,PEDREGULHO,MUITO ALTA,EXTREMAMENTE ALTA,21130.782776,CAR - BOAS PRATICAS,RECUPERACAO,,
264,SACRAMENTO,MUITO ALTA,ALTA,76038.7282676,RECUPERACAO,COMPENSACAO,,
265,RIO SAPUCAÍ,ALTA,MUITO ALTA,310854.93352,RECUPERACAO,,,
266,RIO PARDO,MUITO ALTA,MUITO ALTA,345379.873926,CAR - BOAS PRATICAS,RECUPERACAO,,
267,CARSTE ARCOS E PAINS,MUITO ALTA,MUITO ALTA,94178.141231,RECUPERACAO,,,
268,RIO TURVO - SP,ALTA,ALTA,68801.2378742,CAR - BOAS PRATICAS,RECUPERACAO,,
269,SÃO JOSÉ DOS DOURADOS,ALTA,ALTA,68304.4056463,CAR - BOAS PRATICAS,RECUPERACAO,,
270,RIO VERDE,EXTREMAMENTE ALTA,EXTREMAMENTE ALTA,177418.250726,FOMENTO AO USO SUSTENTAVEL,,,
271,RIBEIRÃO SERROTE,MUITO ALTA,EXTREMAMENTE ALTA,36145.413593,RECUPERACAO,,,
272,CÓRREGO BELCHIOR,EXTREMAMENTE ALTA,EXTREMAMENTE ALTA,79522.0764938,RECUPERACAO,FOMENTO AO USO SUSTENTAVEL,,
273,NIOAQUE,EXTREMAMENTE ALTA,EXTREMAMENTE ALTA,259488.914419,CRIACAO UC,,,
274,ALPINÓPOLIS,MUITO ALTA,ALTA,153413.480103,RECUPERACAO,CORREDOR_MOSAICO,,
275,RIBEIRÃO CACHOEIRA,EXTREMAMENTE ALTA,MUITO ALTA,252515.518989,RECUPERACAO,,,
276,BONITO,ALTA,ALTA,349715.936834,CORREDOR_MOSAICO,,,
277,RIO AQUIDABÃ,MUITO ALTA,MUITO ALTA,317912.000026,CORREDOR_MOSAICO,,,
278,CÓRREGO PIAU,EXTREMAMENTE ALTA,EXTREMAMENTE ALTA,258258.229281,RECUPERACAO,,,
279,RIO MOJI-GUAÇU,ALTA,MUITO ALTA,295549.193493,CAR - BOAS PRATICAS,RECUPERACAO,,
280,CRISTAIS,MUITO ALTA,ALTA,3753.06380234,RECUPERACAO,,,
281,FURNAS,MUITO ALTA,ALTA,50953.326833,CORREDOR_MOSAICO,,,
282,CAVERNAS DE CANDEIAS,ALTA,ALTA,168.669181312,CAR - BOAS PRATICAS,,,
283,RIO PERDIDO,MUITO ALTA,MUITO ALTA,209327.946114,RECUPERACAO,,,
284,CAMPOS GERAIS,MUITO ALTA,ALTA,7158.42273385,RECUPERACAO,,,
285,RIO TARUMÃ,ALTA,MUITO ALTA,304741.069328,CRIACAO UCUS,CRIACAO UC,,
287,RIO INHANDUÍ,EXTREMAMENTE ALTA,EXTREMAMENTE ALTA,152892.651287,RECUPERACAO,,,
288,RIO FEIO,EXTREMAMENTE ALTA,EXTREMAMENTE ALTA,161654.755236,RECUPERACAO,,,
289,RIO CARACOL,MUITO ALTA,MUITO ALTA,83857.6115537,FOMENTO AO USO SUSTENTAVEL,,,
290,BELA VISTA,ALTA,MUITO ALTA,117264.423091,RECUPERACAO,,,
291,BATALHA,ALTA,MUITO ALTA,136092.050537,CAR - BOAS PRATICAS,RECUPERACAO,,
292,RIO JACARÉ-PEPIRA,MUITO ALTA,EXTREMAMENTE ALTA,302365.595728,CAR - BOAS PRATICAS,RECUPERACAO,ORDENAMENTO,
293,CÓRREGO ITÁ,ALTA,ALTA,37915.5565087,FOMENTO AO USO SUSTENTAVEL,,,
294,RIO APA,ALTA,ALTA,12282.9238,FOMENTO AO USO SUSTENTAVEL,,,
295,ITIRAPINA,ALTA,MUITO ALTA,52777.5660624,CAR - BOAS PRATICAS,RECUPERACAO,FOMENTO AO USO SUSTENTAVEL,
296,BARRA BONITA,MUITO ALTA,EXTREMAMENTE ALTA,263194.078185,CAR - BOAS PRATICAS,RECUPERACAO,,
297,ITAPETININGA,EXTREMAMENTE ALTA,MUITO ALTA,3242.33270186,CAR - BOAS PRATICAS,RECUPERACAO,,
298,JAGUARIAIVA,MUITO ALTA,ALTA,144514.467874,CRIACAO UCPI,,,
299,RIO LAJEADO - MS,EXTREMAMENTE ALTA,EXTREMAMENTE ALTA,34713.5263021,CRIACAO UCPI,,,
300,ITARARÉ,EXTREMAMENTE ALTA,MUITO ALTA,20698.9674085,CRIACAO UCPI,,,
