threshold,factor,value,changed,n_moderate loss,n_intense loss,n_stable,n_very intense loss,n_turnover,n_net gain,n_flag_acceleration
stable_band,0.5,0.1,31,230.0,68.0,19.0,12.0,10.0,9.0,
stable_band,1.5,0.30000000000000004,36,168.0,68.0,44.0,12.0,51.0,5.0,
turnover_gross,0.5,0.25,18,201.0,68.0,20.0,12.0,40.0,7.0,
turnover_gross,1.5,0.75,4,201.0,68.0,42.0,12.0,18.0,7.0,
moderate,0.5,0.5,103,98.0,171.0,38.0,12.0,22.0,7.0,
moderate,1.5,1.5,41,242.0,27.0,38.0,12.0,22.0,7.0,
intense,0.5,1.0,68,201.0,,38.0,80.0,22.0,7.0,
intense,1.5,3.0,9,201.0,77.0,38.0,3.0,22.0,7.0,
accel,0.5,0.25,38,,,,,,,141.0
accel,1.5,0.75,35,,,,,,,68.0
gain_minimum,0.5,0.25 pp & 50 ha,1,201.0,68.0,37.0,12.0,22.0,8.0,
gain_minimum,2.0,1.0 pp & 200 ha,2,201.0,68.0,40.0,12.0,22.0,5.0,
