unit,minx,miny,maxx,maxy
1,-43.31671,-3.84998,-42.46254,-2.62914
10,-43.07921,-5.33889,-42.85448,-5.11665
100,-59.2937,-13.91844,-59.13166,-13.38859
101,-54.54416,-14.86472,-53.0805,-13.45305
102,-47.97394,-14.04349,-47.13581,-13.3886
103,-54.00992,-13.81776,-53.77242,-13.5785
104,-44.45137,-13.92192,-44.128,-13.40661
105,-44.09467,-13.71359,-43.72435,-13.43397
106,-45.66929,-14.78443,-44.35213,-13.51181
107,-44.28633,-14.06776,-43.74456,-13.55947
108,-46.78165,-14.9511,-45.90274,-13.63026
109,-48.71082,-14.73027,-48.05248,-13.66687
11,-42.82691,-5.31539,-42.74183,-5.20001
110,-47.52748,-14.25526,-46.93323,-13.61971
111,-46.21524,-14.25526,-45.37537,-13.69692
112,-59.71917,-14.35946,-59.23804,-13.79564
113,-51.44415,-15.57958,-50.23165,-13.86774
114,-48.14832,-14.4386,-47.44415,-13.89693
115,-48.49832,-15.0511,-47.37748,-13.92913
116,-52.9874,-14.55526,-52.33999,-14.05526
117,-54.11922,-14.30884,-53.99416,-14.16558
118,-44.42354,-14.36359,-43.79466,-13.9278
119,-49.44832,-14.79693,-48.63582,-14.0738
12,-43.11671,-5.5694,-42.96872,-5.38748
120,-47.10192,-15.09693,-46.13998,-14.06295
121,-43.67383,-14.23645,-43.41966,-13.92269
122,-44.33579,-13.97609,-44.17574,-13.80109
123,-52.27049,-14.47238,-52.01151,-14.15943
124,-46.01107,-14.57582,-45.00821,-14.07297
125,-44.52896,-14.28277,-44.32973,-14.09635
126,-56.2584,-14.82499,-55.01499,-14.19999
127,-56.73872,-14.6676,-56.20753,-14.21815
128,-47.57331,-15.20943,-47.09289,-14.2136
129,-59.43405,-15.10521,-58.34174,-14.48125
13,-48.05487,-6.15109,-47.69831,-5.52776
130,-45.715,-15.18936,-44.5322,-14.25081
131,-51.98474,-14.5468,-51.7466,-14.42765
132,-46.01134,-14.84127,-45.51133,-14.38443
133,-52.75037,-14.93012,-51.93999,-14.54693
134,-56.8459,-15.64166,-54.8709,-14.47499
135,-43.71192,-14.62448,-43.12383,-14.40116
136,-50.33165,-15.24693,-49.83998,-14.57193
137,-55.11673,-15.0711,-54.65423,-14.6212
138,-52.84065,-15.79154,-51.94915,-14.68443
139,-46.93217,-15.84684,-45.78494,-14.70526
14,-46.11498,-6.30109,-45.22733,-5.51799
140,-55.02749,-15.86305,-53.53437,-14.82787
141,-43.12124,-16.02555,-42.58349,-14.56128
142,-48.91498,-15.50943,-48.49415,-14.84277
143,-43.88291,-14.90284,-43.48459,-14.63443
144,-47.40248,-15.4792,-46.83581,-14.8386
145,-44.82383,-15.12193,-44.34833,-14.80943
146,-48.63586,-15.6582,-47.50248,-14.98027
147,-45.7905,-15.99276,-44.5155,-14.85943
148,-44.31098,-15.03191,-44.19985,-14.91613
149,-57.1076,-15.42083,-56.7334,-14.96381
15,-45.45366,-6.43146,-45.21081,-6.02837
150,-56.67506,-16.2786,-55.82375,-15.12083
151,-53.48919,-15.58582,-52.84483,-15.15526
152,-42.64802,-15.975,-41.9658,-15.04006
153,-57.55446,-16.93154,-56.5959,-15.21249
154,-57.54618,-15.81555,-57.47506,-15.72977
155,-55.9584,-15.72916,-55.46673,-15.40416
156,-54.60006,-17.00833,-53.72997,-15.525
157,-55.4084,-16.46553,-54.44173,-15.4712
158,-49.29832,-16.14583,-48.66255,-15.51777
159,-48.74085,-16.62791,-47.35003,-15.45453
16,-45.84933,-6.87609,-44.31914,-6.31359
160,-46.93831,-15.65943,-46.73541,-15.48443
161,-55.98143,-16.31666,-55.33253,-15.58333
162,-51.21082,-15.78027,-51.04415,-15.57193
163,-44.21378,-15.75924,-43.91124,-15.40526
164,-47.40042,-16.10393,-47.08998,-15.53026
165,-53.09416,-16.3136,-51.76082,-15.65943
166,-51.63166,-16.96727,-50.50249,-15.6386
167,-43.64227,-15.65118,-43.51967,-15.47294
168,-57.90491,-17.62814,-56.07507,-15.69166
169,-55.71257,-16.64166,-55.17506,-15.8125
17,-48.62277,-7.61776,-48.44556,-7.21309
170,-44.55717,-16.1511,-44.203,-15.60987
172,-58.81587,-15.99583,-58.44654,-15.78333
173,-46.23217,-16.49276,-44.90529,-15.69693
174,-46.75717,-16.23026,-46.29467,-15.7983
175,-50.38582,-16.24694,-49.83165,-15.80943
176,-48.75839,-16.8625,-47.90006,-15.85416
177,-51.82332,-16.80235,-51.11709,-15.99693
178,-44.04466,-17.07083,-43.40422,-15.88041
179,-52.31916,-16.61777,-51.75249,-16.03027
18,-48.29152,-7.67611,-47.07206,-6.62194
180,-56.72315,-16.91982,-55.8834,-16.12083
181,-43.27791,-16.23566,-43.0036,-15.9261
182,-58.17142,-17.4108,-57.58829,-16.67192
183,-49.67089,-17.89358,-48.95422,-16.10453
184,-47.353,-16.95943,-46.19467,-16.1136
185,-58.3499,-17.08668,-57.84151,-16.23261
186,-45.00717,-16.80093,-44.22271,-16.11776
187,-43.44414,-16.65576,-43.27532,-16.09905
188,-46.51134,-17.01305,-45.63808,-16.17006
189,-56.63552,-17.37183,-54.62017,-16.375
19,-45.99295,-7.55415,-45.31498,-6.73252
190,-52.7327,-17.4014,-51.66499,-16.41777
191,-50.20422,-17.85833,-49.50006,-16.45833
192,-54.84873,-17.175,-54.14173,-16.54583
193,-48.89589,-16.75,-48.41672,-16.38333
194,-47.09811,-16.48203,-47.0188,-16.38336
195,-56.05423,-17.16666,-54.92799,-16.60833
196,-46.95301,-16.84693,-46.58634,-16.52193
197,-47.93755,-16.88333,-47.50775,-16.58042
198,-50.49589,-17.77083,-49.98756,-16.65417
199,-53.48166,-18.04638,-52.83497,-16.70527
2,-43.89588,-4.59165,-42.90005,-2.98748
20,-46.13779,-8.40415,-44.87505,-7.21665
200,-52.07506,-17.55833,-51.09115,-16.74694
201,-47.10361,-17.25943,-46.67394,-16.75653
202,-44.79884,-17.02193,-44.31133,-16.70943
203,-48.65486,-18.1625,-47.70839,-16.80802
204,-51.13756,-17.87917,-50.35423,-16.87527
205,-55.54173,-17.575,-54.7834,-16.97083
206,-54.85691,-17.30707,-53.7531,-17.07916
207,-48.70006,-17.60833,-48.35005,-17.01123
208,-45.98719,-17.31776,-45.51967,-16.94876
209,-46.96134,-17.75526,-46.03953,-16.9386
21,-46.84831,-7.85526,-46.46585,-7.3967
210,-44.79884,-17.60526,-43.71194,-16.94693
211,-45.0655,-18.21193,-44.36967,-17.0011
212,-47.85005,-18.07342,-47.46672,-17.15
213,-52.0584,-18.40833,-51.23756,-17.27083
214,-48.38756,-18.34206,-47.63756,-17.25833
215,-45.478,-17.48502,-45.1405,-17.20943
216,-55.51246,-18.3375,-54.07506,-17.3875
217,-52.93999,-18.6625,-51.45423,-17.4125
218,-44.21967,-18.52237,-43.27921,-17.33406
219,-44.53651,-18.1886,-43.99883,-17.32301
22,-45.72189,-8.84165,-44.84588,-7.41834
220,-54.5459,-18.34489,-53.16586,-17.4625
221,-46.32922,-19.89815,-44.73217,-17.40526
222,-46.12267,-17.90941,-45.88217,-17.51078
223,-47.62089,-18.34584,-46.66967,-17.53841
224,-57.76671,-19.4125,-57.2131,-17.6457
225,-57.0226,-17.95903,-56.09428,-17.65
226,-51.40839,-17.85833,-51.25006,-17.73333
227,-52.99036,-19.30834,-50.8257,-17.84583
228,-46.52313,-18.06629,-46.35127,-17.86565
229,-57.27507,-19.22741,-54.54173,-18.09583
23,-44.37834,-8.62499,-43.7329,-7.37499
230,-46.52784,-18.64277,-46.00174,-17.99276
231,-53.27089,-19.31667,-51.31256,-18.19583
232,-44.828,-18.32193,-44.58217,-18.10943
233,-54.5709,-18.80833,-53.37506,-18.2875
234,-57.1084,-19.27118,-55.03136,-18.36856
235,-53.4709,-20.4625,-51.95006,-18.44167
236,-45.06967,-19.08717,-44.57076,-18.39277
237,-44.03402,-19.68214,-43.2924,-18.36323
238,-44.21967,-19.86369,-43.35772,-18.43443
239,-48.45664,-20.10834,-46.89588,-18.63996
24,-47.03668,-9.44276,-45.95422,-7.47915
240,-54.6334,-19.45834,-53.68756,-18.71667
241,-50.17089,-19.74167,-47.89589,-18.75417
242,-55.0459,-19.20417,-54.70423,-18.77917
243,-57.22234,-19.525,-55.67506,-18.76633
244,-44.52383,-19.03651,-44.21133,-18.64032
245,-56.59494,-20.59167,-55.22226,-18.87353
246,-57.92765,-19.5472,-57.2701,-19.04167
247,-55.01257,-19.6625,-54.7459,-19.15417
248,-53.41673,-19.65834,-53.14173,-19.17917
249,-55.3001,-19.5756,-55.14173,-19.3142
25,-48.47259,-7.78026,-48.19821,-7.62608
250,-55.42506,-20.50834,-54.30423,-19.32917
251,-46.66255,-19.4625,-46.12384,-19.19584
252,-58.15889,-20.31207,-56.81641,-19.40306
253,-44.6405,-19.9009,-43.94361,-19.22193
254,-47.22089,-19.81667,-46.60839,-19.4
255,-55.86759,-20.27084,-55.0834,-19.6
256,-45.22384,-20.40083,-44.61725,-19.4886
257,-56.83757,-20.43334,-56.09173,-19.7113
258,-56.94173,-20.80417,-56.05007,-19.74131
259,-47.18766,-20.16566,-46.53922,-19.70417
26,-47.56081,-8.23524,-47.29031,-7.90109
260,-57.85651,-20.94584,-56.92923,-19.89167
261,-56.9959,-20.99584,-56.36673,-19.97351
262,-49.82506,-20.55834,-49.33077,-20.08991
263,-47.62506,-20.2375,-47.44589,-20.0375
264,-47.39172,-20.39166,-46.9035,-20.05417
265,-48.46672,-21.21251,-46.8069,-20.125
266,-48.62922,-21.64584,-47.06672,-20.14584
267,-45.90809,-20.46957,-45.46433,-20.09366
268,-49.36256,-20.82501,-48.99589,-20.31667
269,-50.37699,-20.66667,-49.91256,-20.36175
27,-48.5274,-9.11612,-48.25821,-8.60362
270,-52.975,-21.24167,-51.9334,-20.365
271,-53.60423,-20.65,-53.35006,-20.4
272,-55.20007,-20.93334,-54.80006,-20.55417
273,-56.08757,-21.55834,-55.30006,-20.6375
274,-46.58466,-20.99207,-45.7453,-20.53359
275,-54.8209,-21.62917,-53.61673,-20.75417
276,-56.7834,-21.7625,-55.9209,-20.7625
277,-57.8232,-21.53334,-56.77507,-20.8374
278,-55.20007,-22.04167,-53.63756,-20.8875
279,-48.39172,-22.09584,-47.37922,-20.9
28,-46.67088,-9.55846,-45.2673,-8.10832
280,-45.6815,-20.81202,-45.57922,-20.74584
281,-45.84737,-21.15207,-45.32921,-20.80258
282,-45.37631,-20.82769,-45.35959,-20.81558
283,-57.51674,-22.1625,-56.69249,-20.96667
284,-45.75247,-21.20834,-45.61255,-21.13467
285,-57.94134,-21.81667,-57.16855,-21.24251
287,-53.1084,-21.86667,-52.19726,-21.39584
288,-56.0834,-21.94584,-55.61257,-21.44167
289,-56.99173,-22.125,-56.65646,-21.54167
29,-45.23755,-8.55416,-44.85422,-8.23332
290,-56.5959,-22.07964,-56.22924,-21.62084
291,-49.42831,-22.77084,-48.99172,-22.14584
292,-48.93339,-22.40834,-48.02922,-21.70834
293,-56.41005,-22.23334,-55.96674,-22.08334
294,-56.7714,-22.23581,-56.57924,-22.10834
295,-47.93339,-22.46251,-47.64589,-22.21251
296,-48.57922,-22.99584,-47.67089,-22.43334
297,-47.97506,-23.60834,-47.90973,-23.54329
298,-50.36284,-24.67438,-49.55839,-24.07189
299,-55.72924,-22.38751,-55.40007,-22.15
3,-42.95004,-3.96288,-41.91957,-3.09537
30,-49.47885,-8.75942,-49.04322,-8.38111
300,-49.42458,-24.39903,-49.11526,-24.23912
31,-47.75248,-8.91776,-46.84836,-8.37609
32,-50.00072,-9.55109,-49.46082,-8.66497
33,-44.17088,-9.16348,-43.71956,-8.58332
34,-49.51082,-9.79445,-48.74831,-8.66359
35,-44.98755,-9.28579,-44.45838,-8.92916
36,-47.89831,-9.73442,-46.53668,-8.77192
37,-48.34512,-9.93011,-47.54415,-9.02755
38,-48.16915,-9.32351,-47.71498,-8.97955
39,-45.89742,-10.07,-44.92505,-9.25416
4,-42.12957,-3.4043,-41.87915,-3.13165
40,-46.30422,-9.84983,-45.86848,-9.24999
41,-50.04747,-10.35943,-48.84832,-9.46385
42,-44.31202,-9.75626,-43.91671,-9.45206
43,-48.55665,-10.16157,-48.26716,-9.56791
44,-51.74832,-11.47363,-50.49832,-10.37572
45,-47.83349,-10.70195,-46.86726,-9.85942
46,-50.81082,-11.74968,-50.47891,-10.37938
47,-48.31736,-11.30943,-47.0034,-9.88878
48,-47.83581,-10.74693,-47.34415,-10.06258
49,-49.9846,-12.45526,-49.40665,-10.31612
5,-42.72088,-3.99121,-42.57705,-3.57533
50,-49.60665,-11.03859,-48.95665,-10.25942
51,-46.88722,-10.66017,-46.34831,-10.22906
52,-46.46858,-10.66359,-45.86205,-10.25924
53,-46.57578,-11.48431,-45.20083,-10.23802
54,-44.1117,-11.15526,-43.37568,-10.39692
55,-48.73582,-11.83602,-48.23998,-10.58859
56,-45.41967,-11.89692,-43.7905,-10.54234
58,-47.38998,-11.56776,-46.95665,-11.20526
59,-48.00665,-11.74204,-47.36915,-11.23859
6,-42.89171,-4.61455,-42.54852,-4.13786
60,-46.90479,-13.1136,-46.07383,-11.20777
62,-48.36498,-11.54276,-48.12561,-11.30109
63,-48.53582,-12.29276,-47.56498,-11.35109
64,-43.46133,-12.02609,-43.20842,-11.34123
65,-46.03775,-12.07942,-44.72383,-11.43075
66,-44.82383,-11.80942,-44.28633,-11.40526
67,-51.19832,-13.08131,-50.71258,-11.73026
68,-51.68482,-15.10354,-49.81082,-11.75143
69,-48.61498,-13.69693,-47.99831,-11.8338
7,-44.0261,-4.69692,-43.75248,-4.4069
70,-47.01498,-12.59981,-46.51021,-11.74747
71,-49.30248,-13.2261,-48.51498,-11.79693
72,-51.64514,-12.6753,-51.09832,-11.86806
73,-44.89886,-12.3967,-43.67647,-11.73442
74,-58.91107,-14.26713,-57.95252,-12.05856
75,-45.8405,-12.42609,-45.00717,-11.93442
76,-43.79466,-12.31367,-43.378,-11.89276
77,-50.05042,-12.69693,-49.71082,-12.08562
78,-47.89415,-12.6989,-46.92332,-12.04693
79,-45.64094,-13.13067,-44.71133,-12.14216
8,-42.99588,-5.19998,-42.43943,-4.70415
80,-43.553,-13.71776,-43.20905,-12.08197
82,-44.73941,-12.54276,-44.3405,-12.31366
83,-48.22748,-13.49276,-46.89831,-12.39276
84,-49.91082,-13.70957,-49.36498,-12.56075
85,-51.78582,-12.91614,-51.28218,-12.70526
86,-58.01826,-13.51722,-57.80242,-13.19113
87,-55.77333,-14.7511,-54.23583,-12.91541
88,-57.5293,-13.8011,-57.40161,-13.63363
89,-46.12816,-13.73579,-44.49883,-12.95023
9,-43.75664,-5.64692,-43.16671,-5.04692
90,-47.51915,-13.97003,-46.75827,-13.08143
91,-46.50248,-13.51582,-46.06524,-13.09126
92,-44.5076,-13.31776,-44.2764,-13.09558
94,-44.12958,-13.35072,-43.9144,-13.17849
95,-54.77632,-14.37193,-54.01242,-13.34183
96,-52.73908,-13.9136,-52.26082,-13.5261
97,-56.60666,-14.55055,-55.24416,-13.38026
98,-56.85328,-14.05943,-56.56607,-13.40359
99,-51.99023,-14.39276,-51.46233,-13.57795
AMZ_CerraPant001,-58.59592,-16.3943,-57.78625,-15.75132
AMZ_CerraPant002,-57.98234,-12.68796,-57.86387,-12.40529
AMZ_CerraPant004,-59.53304,-14.58113,-59.32005,-14.31365
AMZ_CerraPant005,-59.45288,-14.1061,-59.23755,-13.97196
AMZ_CerraPant008,-49.21731,-10.00361,-49.08366,-9.91358
AMZ_CerraPant009,-57.34772,-14.05744,-56.82001,-13.90801
AMZ_CerraPant010,-57.84851,-13.99709,-57.71252,-13.79619
AMZ_CerraPant011,-52.82336,-13.65112,-52.50763,-13.30193
AMZ_CerraPant012,-57.57919,-13.65285,-57.28791,-13.27191
AMZ_CerraPant013,-57.97463,-13.21202,-57.83991,-12.95632
AMZ_CerraPant014,-51.69418,-11.27113,-51.3716,-11.04696
AMZ_CerraPant015,-51.4974,-11.04291,-51.32724,-10.79615
AMZ_CerraPant016,-50.99491,-10.28859,-50.8449,-10.20143
AMZ_CerraPant017,-51.55993,-11.40704,-51.37576,-11.0928
AMZ_CerraPant018,-51.66085,-11.02446,-51.5691,-10.98443
AMZ_CerraPant019,-58.43433,-16.6695,-58.16273,-16.26953
AMZ_CerraPant020,-53.79076,-13.75529,-53.56086,-13.51869
AMZ_CerraPant022,-54.14159,-13.58218,-54.12204,-13.51282
AMZ_CerraPant023,-54.22993,-14.19434,-53.99003,-13.44685
AMZ_CerraPant024,-59.18591,-11.63446,-58.93504,-11.43081
AMZ_CerraPant025,-51.68991,-12.95944,-51.37827,-12.84781
AMZ_CerraPant026,-51.70621,-12.69277,-51.15431,-12.45527
AMZ_CerraPant027,-51.7816,-12.78614,-51.32178,-12.65912
AMZ_CerraPant028,-51.12862,-10.94363,-50.97075,-10.73529
AMZ_CerraPant029,-54.4891,-13.9378,-54.29664,-13.49793
AMZ_CerraPant030,-53.94242,-13.68199,-53.6608,-13.51454
AMZ_CerraPant031,-58.62968,-15.10517,-58.3448,-14.80882
AMZ_CerraPant032,-52.55253,-13.59864,-52.33078,-13.35869
AMZ_CerraPant033,-49.39268,-8.80941,-49.14818,-8.4861
AMZ_CerraPant034,-49.21816,-9.08361,-48.77659,-8.17506
AMZ_CerraPant035,-49.34817,-8.49193,-49.12233,-8.26204
AMZ_CerraPant036,-48.09964,-5.83193,-47.74414,-5.64443
AMZ_CerraPant037,-57.51487,-15.73793,-57.22474,-15.30236
AMZ_CerraPant038,-48.73112,-7.32027,-48.29171,-6.91194
AMZ_CerraPant039,-48.42832,-6.97694,-48.02464,-6.53018
AMZ_CerraPant041,-48.53885,-8.71111,-48.13486,-8.44195
AMZ_CerraPant042,-48.55465,-9.20108,-48.13653,-8.22362
AMZ_CerraPant043,-50.69481,-10.42112,-50.60324,-10.36454
AMZ_CerraPant044,-50.88574,-10.43696,-50.65182,-10.24788
AMZ_CerraPant045,-48.10213,-6.05525,-47.95738,-5.7911
AMZ_CerraPant046,-57.79452,-13.85,-57.52168,-13.10296
CAA_CerraPa001,-42.12882,-3.42592,-42.00538,-3.2787
CAA_CerraPa002,-42.93455,-5.32451,-42.86538,-5.25205
CAA_CerraPa003,-44.07288,-9.64623,-43.74881,-9.38895
CAA_CerraPa004,-44.03207,-15.64628,-43.90522,-15.51131
CAA_CerraPa005,-42.59704,-4.93618,-42.44214,-4.81995
CAA_CerraPa006,-41.91286,-3.34295,-41.82706,-3.18654
CAA_CerraPa007,-43.05297,-10.92232,-42.83482,-10.73995
CAA_CerraPa008,-42.62954,-5.17494,-42.48455,-5.06789
CerraPa_MA001,-47.38431,-21.5707,-47.24269,-21.3881
CerraPa_MA002,-49.26131,-22.55437,-48.98864,-22.40174
CerraPa_MA003,-47.92275,-22.71426,-47.71294,-22.57506
CerraPa_MA004,-42.64653,-15.58332,-42.48357,-15.04
CerraPa_MA005,-47.81518,-21.78905,-47.57574,-21.63751
