inside,latband,subperiod,burned_ha,window-1,window+0,window+1,jul_aug
False,south of 18S,sp1,563706.1562,0.2284,0.6622,0.8448,0.2192
False,south of 18S,sp2,1158948.6539,0.4292,0.7143,0.8047,0.4142
False,18-12S,sp1,6669981.2351,0.3227,0.7092,0.8323,0.2937
False,18-12S,sp2,7692097.4423,0.2652,0.6653,0.818,0.2138
False,12-8S,sp1,6938756.8117,0.5837,0.7559,0.636,0.2499
False,12-8S,sp2,6581986.9429,0.5042,0.7519,0.6523,0.2125
False,north of 8S,sp1,7382506.7412,0.7106,0.7939,0.5232,0.4214
False,north of 8S,sp2,7376589.1293,0.675,0.7793,0.6113,0.3196
True,south of 18S,sp1,316387.3247,0.2962,0.6083,0.7753,0.2857
True,south of 18S,sp2,768479.1975,0.3544,0.5539,0.7069,0.3459
True,18-12S,sp1,3838671.3168,0.1702,0.532,0.8791,0.1612
True,18-12S,sp2,4847271.7251,0.1586,0.5776,0.9186,0.1484
True,12-8S,sp1,5971874.6657,0.5536,0.7777,0.6601,0.2474
True,12-8S,sp2,5535121.8077,0.5134,0.8115,0.7198,0.1907
True,north of 8S,sp1,1649195.7498,0.693,0.7925,0.5607,0.3817
True,north of 8S,sp2,1512669.7879,0.6696,0.8136,0.6664,0.269
