inside,type,cls,share,variant
False,1,1,0.7401700105352483,base
False,1,2,0.2598299894647517,base
False,2,1,0.16739157989998454,base
False,2,2,0.3044495582976744,base
False,2,3,0.5281588618023411,base
False,3,1,0.2411858682164175,base
False,3,2,0.3903362703035699,base
False,3,3,0.36847786148001255,base
False,4,1,0.5619052467920901,base
False,4,2,0.14733795397019692,base
False,4,3,0.290756799237713,base
True,1,1,0.71325512760458,base
True,1,2,0.28674487239542,base
True,2,1,0.1615296080977286,base
True,2,2,0.365043642371509,base
True,2,3,0.4734267495307625,base
True,3,1,0.17956810554525474,base
True,3,2,0.3816204883103059,base
True,3,3,0.4388114061444393,base
True,4,1,0.4152802814619024,base
True,4,2,0.20977844602315443,base
True,4,3,0.37494127251494314,base
False,1,1,0.7401700105352483,N10
False,1,2,0.2598299894647517,N10
False,2,1,0.14965052141872262,N10
False,2,2,0.18529539313285923,N10
False,2,3,0.6650540854484182,N10
False,3,1,0.21684448755827618,N10
False,3,2,0.29573410939879774,N10
False,3,3,0.487421403042926,N10
False,4,1,0.536957368682973,N10
False,4,2,0.10172311742329629,N10
False,4,3,0.3613195138937307,N10
True,1,1,0.71325512760458,N10
True,1,2,0.28674487239542,N10
True,2,1,0.13636759309074023,N10
True,2,2,0.22531670536939608,N10
True,2,3,0.6383157015398636,N10
True,3,1,0.1469613559421847,N10
True,3,2,0.2773810857087199,N10
True,3,3,0.5756575583490955,N10
True,4,1,0.380170711291891,N10
True,4,2,0.1476848118712913,N10
True,4,3,0.4721444768368177,N10
False,1,1,0.7401700105352483,N15
False,1,2,0.2598299894647517,N15
False,2,1,0.16079996836611482,N15
False,2,2,0.24612179884022922,N15
False,2,3,0.5930782327936559,N15
False,3,1,0.2279575054601733,N15
False,3,2,0.3438599169060103,N15
False,3,3,0.42818257763381634,N15
False,4,1,0.548063688692948,N15
False,4,2,0.12031645736888133,N15
False,4,3,0.3316198539381707,N15
True,1,1,0.71325512760458,N15
True,1,2,0.28674487239542,N15
True,2,1,0.1533434927475673,N15
True,2,2,0.2996124217385634,N15
True,2,3,0.5470440855138693,N15
True,3,1,0.16272723179992532,N15
True,3,2,0.3241920554133334,N15
True,3,3,0.5130807127867413,N15
True,4,1,0.39795367356421607,N15
True,4,2,0.17489942862253713,N15
True,4,3,0.4271468978132468,N15
False,1,1,0.7401700105352483,N25
False,1,2,0.2598299894647517,N25
False,2,1,0.17088071182524736,N25
False,2,2,0.3378907168908344,N25
False,2,3,0.4912285712839183,N25
False,3,1,0.24949568894426635,N25
False,3,2,0.4240496993622961,N25
False,3,3,0.32645461169343754,N25
False,4,1,0.5674335689594691,N25
False,4,2,0.16225075976084022,N25
False,4,3,0.2703156712796907,N25
True,1,1,0.71325512760458,N25
True,1,2,0.28674487239542,N25
True,2,1,0.16559611907283195,N25
True,2,2,0.400184288850387,N25
True,2,3,0.434219592076781,N25
True,3,1,0.19464861005472134,N25
True,3,2,0.43083313533194056,N25
True,3,3,0.3745182546133381,N25
True,4,1,0.42505514862816585,N25
True,4,2,0.23585559628983566,N25
True,4,3,0.33908925508199844,N25
False,1,1,0.7401700105352483,k1
False,1,2,0.2598299894647517,k1
False,2,1,0.23764229158212455,k1
False,2,2,0.2341988466155344,k1
False,2,3,0.5281588618023411,k1
False,3,1,0.3408926971045755,k1
False,3,2,0.29062944141541197,k1
False,3,3,0.36847786148001255,k1
False,4,1,0.6119251020623353,k1
False,4,2,0.09731809869995163,k1
False,4,3,0.290756799237713,k1
True,1,1,0.71325512760458,k1
True,1,2,0.28674487239542,k1
True,2,1,0.24770013310455105,k1
True,2,2,0.2788731173646865,k1
True,2,3,0.4734267495307625,k1
True,3,1,0.28118648126623813,k1
True,3,2,0.2800021125893225,k1
True,3,3,0.4388114061444393,k1
True,4,1,0.4798001005473954,k1
True,4,2,0.14525862693766145,k1
True,4,3,0.3749412725149432,k1
False,1,1,0.7401700105352483,k3
False,1,2,0.2598299894647517,k3
False,2,1,0.12929932551915072,k3
False,2,2,0.3425418126785082,k3
False,2,3,0.5281588618023411,k3
False,3,1,0.18816769142462791,k3
False,3,2,0.4433544470953595,k3
False,3,3,0.36847786148001255,k3
False,4,1,0.5219807061259,k3
False,4,2,0.18726249463638694,k3
False,4,3,0.290756799237713,k3
True,1,1,0.71325512760458,k3
True,1,2,0.28674487239542,k3
True,2,1,0.11499280668904074,k3
True,2,2,0.4115804437801968,k3
True,2,3,0.4734267495307625,k3
True,3,1,0.12557105991911033,k3
True,3,2,0.43561753393645036,k3
True,3,3,0.4388114061444393,k3
True,4,1,0.36646399940664687,k3
True,4,2,0.25859472807841,k3
True,4,3,0.37494127251494314,k3
False,1,1,0.7401700105352483,short1_k2
False,1,2,0.2598299894647517,short1_k2
False,2,1,0.06599043151374677,short1_k2
False,2,2,0.4058507066839122,short1_k2
False,2,3,0.5281588618023411,short1_k2
False,3,1,0.11131440772411583,short1_k2
False,3,2,0.5202077307958716,short1_k2
False,3,3,0.36847786148001255,short1_k2
False,4,1,0.4667495488614621,short1_k2
False,4,2,0.24249365190082486,short1_k2
False,4,3,0.290756799237713,short1_k2
True,1,1,0.71325512760458,short1_k2
True,1,2,0.28674487239542,short1_k2
True,2,1,0.0447111692563202,short1_k2
True,2,2,0.48186208121291735,short1_k2
True,2,3,0.4734267495307625,short1_k2
True,3,1,0.07280358995876246,short1_k2
True,3,2,0.4883850038967983,short1_k2
True,3,3,0.4388114061444394,short1_k2
True,4,1,0.3013589137529306,short1_k2
True,4,2,0.3236998137321263,short1_k2
True,4,3,0.3749412725149432,short1_k2
False,1,1,0.7401700105352483,short1_k1
False,1,2,0.2598299894647517,short1_k1
False,2,1,0.10653393965799644,short1_k1
False,2,2,0.36530719853966254,short1_k1
False,2,3,0.5281588618023411,short1_k1
False,3,1,0.17274061727957382,short1_k1
False,3,2,0.45878152124041366,short1_k1
False,3,3,0.36847786148001255,short1_k1
False,4,1,0.5411185744145345,short1_k1
False,4,2,0.16812462634775235,short1_k1
False,4,3,0.290756799237713,short1_k1
True,1,1,0.71325512760458,short1_k1
True,1,2,0.28674487239542,short1_k1
True,2,1,0.08628479090006802,short1_k1
True,2,2,0.4402884595691695,short1_k1
True,2,3,0.4734267495307624,short1_k1
True,3,1,0.13243177702878683,short1_k1
True,3,2,0.4287568168267738,short1_k1
True,3,3,0.4388114061444393,short1_k1
True,4,1,0.3791178431722273,short1_k1
True,4,2,0.24594088431282957,short1_k1
True,4,3,0.3749412725149432,short1_k1
False,1,1,0.740122130980862,calendar
False,1,2,0.259877869019138,calendar
False,2,1,0.17234168528936658,calendar
False,2,2,0.29959268060843647,calendar
False,2,3,0.528065634102197,calendar
False,3,1,0.24207505979043742,calendar
False,3,2,0.38954681746747505,calendar
False,3,3,0.36837812274208753,calendar
False,4,1,0.5624736812323392,calendar
False,4,2,0.14679140138814128,calendar
False,4,3,0.2907349173795194,calendar
True,1,1,0.7131839652620138,calendar
True,1,2,0.28681603473798617,calendar
True,2,1,0.16505061059369397,calendar
True,2,2,0.36157881676259634,calendar
True,2,3,0.47337057264370974,calendar
True,3,1,0.18053615835330317,calendar
True,3,2,0.3807030616888537,calendar
True,3,3,0.4387607799578432,calendar
True,4,1,0.4164211509979769,calendar
True,4,2,0.2086687168221718,calendar
True,4,3,0.3749101321798513,calendar
False,1,1,0.753202280882277,class_stable
False,1,2,0.24679771911772308,class_stable
False,2,1,0.18106229857313597,class_stable
False,2,2,0.31514355721557774,class_stable
False,2,3,0.5037941442112863,class_stable
False,3,1,0.2661085024934005,class_stable
False,3,2,0.40272127248757766,class_stable
False,3,3,0.3311702250190218,class_stable
False,4,1,0.6728673468432135,class_stable
False,4,2,0.1220906570589483,class_stable
False,4,3,0.20504199609783821,class_stable
True,1,1,0.7269354660953179,class_stable
True,1,2,0.2730645339046821,class_stable
True,2,1,0.17563358451908595,class_stable
True,2,2,0.3801438468145804,class_stable
True,2,3,0.44422256866633364,class_stable
True,3,1,0.19599063074611398,class_stable
True,3,2,0.39903687706194724,class_stable
True,3,3,0.40497249219193876,class_stable
True,4,1,0.5322989795329487,class_stable
True,4,2,0.18525751650421513,class_stable
True,4,3,0.28244350396283624,class_stable
