unit,NOME,Import_bio,Prior_acao,Estados,is_hybrid,open_ha,forest_ha,savanna_ha,savanna_above,savanna_expected,savanna_below,grassland_ha,grassland_above,grassland_expected,grassland_below,wetland_ha,wetland_above,wetland_expected,wetland_below,open_above,open_below,open_expected,forest_affected,flag_below,flag_above,flag_forest,open_above_annual_only,open_below_n25,sp1_burned_frac_yr,sp1_consec_share,sp1_burned_ha,sp1_julaug,sp1_window,sp2_burned_frac_yr,sp2_consec_share,sp2_burned_ha,sp2_julaug,sp2_window,latband,sp1_julaug_matrix,sp2_julaug_matrix
1,Barreirinhas,Alta,Muito Alta,MA,False,228192.3371,218590.3087,210690.3593,0.1259,0.2752,0.5989,17501.9778,0.0191,0.1552,0.8258,11129.8059,0.0984,0.2142,0.6874,0.1177,0.6163,0.266,0.3551,robust,,,0.0465,0.5953,0.0568,0.02,91425.6892,0.1432,0.7818,0.0801,0.0502,128698.9678,0.1429,0.8453,3,0.4229,0.3217
10,Teresina Timon III,Alta,Alta,MA,False,4965.3312,25738.1435,4797.4214,0.0795,0.3593,0.5612,167.9098,0.0345,0.4051,0.5604,0.2671,0.0,0.0,1.0,0.078,0.5612,0.3608,0.3929,robust,,,0.0041,0.5514,0.0493,0.0008,1726.116,0.0448,0.8188,0.0805,0.0425,2798.0183,0.0251,0.936,3,0.4229,0.3217
100,Rio Formiga,Muito Alta,Alta,MT,False,3568.5251,17761.169,3563.1372,0.0,0.0824,0.9176,5.3879,0.0,0.0,1.0,49.9681,0.0,0.0,1.0,0.0,0.9177,0.0823,0.0063,robust,,,0.0,0.9131,0.0001,0.0,2.6064,,,0.0116,0.0,289.5938,,,1,0.2951,0.2147
101,Rio Culuene,Muito Alta,Muito Alta,MT,False,195344.8147,35111.9948,188842.8333,0.0547,0.2581,0.6873,6501.9814,0.3068,0.3851,0.3081,7274.8369,0.1073,0.214,0.6788,0.0631,0.6746,0.2623,0.1265,robust,,,0.0125,0.6342,0.0244,0.0077,33368.9627,0.1377,0.7843,0.0265,0.0045,36295.0568,0.0914,0.7788,1,0.2951,0.2147
102,Pouso Alto,Muito Alta,Muito Alta,GO,False,188999.5917,65810.675,168991.8397,0.2046,0.3238,0.4716,20007.752,0.6901,0.2243,0.0856,5404.3455,0.5391,0.2451,0.2158,0.256,0.4307,0.3133,0.4484,,threshold,,0.0748,0.3828,0.0879,0.0104,116284.8758,0.2066,0.4148,0.069,0.0073,91311.3876,0.1717,0.4531,1,0.2951,0.2147
103,Rio Curisevo,Alta,Alta,MT,False,6641.6513,1921.2568,6058.8058,0.3194,0.4475,0.2331,582.8454,0.047,0.2041,0.7489,621.1988,0.2732,0.2156,0.5112,0.2955,0.2784,0.4262,0.1372,,threshold,,0.017,0.2459,0.0781,0.021,3628.8675,0.1549,0.761,0.0472,0.0,2192.8986,0.109,0.5672,1,0.2951,0.2147
104,São Felix do Coribe,Muito Alta,Alta,BA,False,45430.6131,9532.4324,45430.6131,0.0004,0.068,0.9316,0.0,,,,0.0,,,,0.0004,0.9316,0.068,0.1749,robust,,,0.0003,0.8928,0.0022,0.0,766.3612,,,0.0027,0.0001,1128.9767,0.0031,0.0104,1,0.2951,0.2147
105,Riacho Pedra-Branca,Alta,Alta,BA,False,24958.9498,7721.9852,24958.9498,0.0004,0.0342,0.9654,0.0,,,,0.0,,,,0.0004,0.9654,0.0342,0.1309,robust,,,0.0001,0.9273,0.0008,0.0,138.9309,,,0.0008,0.0,140.9392,,,1,0.2951,0.2147
106,Jaborandi,Muito Alta,Muito Alta,BA,False,504932.359,5276.881,442732.9493,0.0201,0.619,0.3609,62199.4098,0.0214,0.743,0.2356,12523.4195,0.1358,0.5563,0.3079,0.0203,0.3454,0.6343,0.5426,,,robust,0.0001,0.3226,0.0495,0.0005,187958.2274,0.0775,0.2906,0.0856,0.0002,303834.8735,0.0703,0.3594,1,0.2951,0.2147
107,Riacho do Ramalho,Muito Alta,Alta,BA,False,35037.0561,6970.677,35037.0561,0.0032,0.0347,0.9621,0.0,,,,0.0,,,,0.0032,0.9621,0.0347,0.1292,robust,,,0.0026,0.9481,0.004,0.0031,1002.6396,0.0998,0.2019,0.0017,0.0017,411.89,,,1,0.2951,0.2147
108,Mambaí,Muito Alta,Muito Alta,GO,False,205843.4103,39512.2791,168534.3362,0.0302,0.4589,0.5109,37309.074,0.0335,0.5855,0.3809,8148.4437,0.0554,0.4771,0.4674,0.0308,0.4873,0.4819,0.3732,,,,0.0009,0.4578,0.0359,0.0008,52565.7439,0.1384,0.5055,0.0585,0.0005,84290.0044,0.1056,0.3351,1,0.2951,0.2147
109,Rio Traíras,Muito Alta,Muito Alta,GO,False,83087.9199,77420.6363,81620.2114,0.2751,0.385,0.3399,1467.7086,0.4258,0.2857,0.2885,39.5708,0.2152,0.2828,0.502,0.2777,0.339,0.3833,0.5919,,threshold,robust,0.0659,0.2823,0.1021,0.0169,59381.5928,0.1115,0.5313,0.0619,0.0021,35978.0462,0.1228,0.5169,1,0.2951,0.2147
11,Teresina Timon II,Alta,Alta,PI,False,219.1937,5047.1531,193.9083,0.5367,0.3099,0.1534,25.2855,0.1021,0.4225,0.4754,0.0,,,,0.4866,0.1905,0.3229,0.8526,small,small,robust,0.3371,0.1548,0.3181,0.4131,488.0639,,,0.1342,0.08,205.9268,,,3,0.4229,0.3217
110,Serra de São Bartolomeu,Muito Alta,Muito Alta,GO,False,124721.9434,38167.0589,115670.8715,0.4072,0.3429,0.2499,9051.0718,0.6231,0.2642,0.1127,1974.8662,0.5064,0.3073,0.1863,0.4229,0.2399,0.3372,0.5936,,threshold,robust,0.1215,0.2034,0.1309,0.0126,114301.4839,0.26,0.575,0.0736,0.0027,64268.2444,0.1821,0.4453,1,0.2951,0.2147
111,Rio Arrojado,Extremamente Alta,Extremamente Alta,BA,False,99646.2172,3166.0802,90820.4437,0.0245,0.6285,0.347,8825.7735,0.0422,0.7442,0.2136,4810.2728,0.0994,0.6945,0.2061,0.026,0.3352,0.6387,0.5377,,,robust,0.0008,0.3059,0.0514,0.0002,36883.64,0.0694,0.585,0.0673,0.0,47057.7622,0.0549,0.1985,1,0.2951,0.2147
112,Rio Juina,Muito Alta,Muito Alta,MT,False,47362.7113,32321.4355,40941.0664,0.0082,0.5086,0.4832,6421.6449,0.1576,0.7782,0.0642,214.914,0.09,0.5238,0.3863,0.0284,0.4264,0.5451,0.0724,,,,0.0,0.4158,0.036,0.0017,11940.0779,0.2405,0.8341,0.0369,0.0028,12219.2512,0.3171,0.8346,1,0.2951,0.2147
113,Rio Araguaia II,Muito Alta,Extremamente Alta,"GO, MT",False,56583.5097,138813.2705,56153.0999,0.0064,0.1252,0.8685,430.4098,0.0722,0.1288,0.799,37239.6718,0.1965,0.1519,0.6516,0.0069,0.868,0.1252,0.0458,robust,,,0.0012,0.8412,0.0071,0.0004,2796.5753,0.0833,0.4156,0.0097,0.0,3823.7721,0.0562,0.6481,1,0.2951,0.2147
114,Entorno PN Chapada dos Veadeiros,Muito Alta,Muito Alta,GO,False,113651.4022,42560.7635,91082.3398,0.3512,0.3416,0.3072,22569.0624,0.7945,0.1612,0.0443,1791.2118,0.7072,0.177,0.1158,0.4392,0.255,0.3058,0.4305,,threshold,,0.1581,0.2223,0.0787,0.0053,62605.6608,0.1688,0.5319,0.0831,0.0047,66092.7273,0.0991,0.4225,1,0.2951,0.2147
115,Niquelândia,Muito Alta,Extremamente Alta,GO,False,183196.8763,68986.1409,172204.8326,0.2563,0.4081,0.3356,10992.0437,0.268,0.3905,0.3415,507.5371,0.0914,0.2341,0.6745,0.257,0.3359,0.4071,0.6465,,threshold,robust,0.0714,0.2848,0.0814,0.006,104478.6541,0.1341,0.4777,0.0642,0.0033,82378.337,0.1214,0.5659,1,0.2951,0.2147
116,Rio Areoes,Muito Alta,Muito Alta,MT,False,28385.1932,3164.3606,28087.6655,0.0462,0.1331,0.8207,297.5277,0.4081,0.1786,0.4133,222.4157,0.0043,0.0253,0.9704,0.05,0.8165,0.1335,0.1199,robust,,,0.0188,0.701,0.0072,0.0009,1431.7309,0.0391,0.5226,0.0147,0.0016,2919.1586,0.0921,0.7376,1,0.2951,0.2147
117,Entorno TI Marechal Rondon,Muito Alta,Alta,MT,False,3071.7711,424.8697,2404.3965,0.1755,0.4024,0.422,667.3746,0.2843,0.53,0.1857,10.3192,0.0252,0.2017,0.7731,0.1992,0.3707,0.4301,0.1188,,,small,0.0138,0.3447,0.0665,0.0169,1430.3861,0.4912,0.926,0.0436,0.0,938.5022,,,1,0.2951,0.2147
118,Foz do Carinhanha,Extremamente Alta,Muito Alta,"BA, MG",False,61028.41,1064.8372,61026.8471,0.0069,0.2552,0.738,1.5628,0.0,1.0,0.0,0.0,,,,0.0069,0.7379,0.2552,0.0445,robust,,,0.0049,0.721,0.0312,0.0002,13349.989,0.0036,0.2052,0.0046,0.0001,1959.7148,0.0136,0.0509,1,0.2951,0.2147
119,Uruaçu,Muito Alta,Muito Alta,GO,False,51770.5419,28986.0157,50826.6726,0.1458,0.3382,0.516,943.8694,0.3374,0.4255,0.2371,275.0303,0.0463,0.2432,0.7105,0.1493,0.5109,0.3398,0.3699,threshold,,,0.0348,0.445,0.0529,0.0039,19161.1532,0.1118,0.7118,0.0489,0.0018,17731.2877,0.4271,0.8167,1,0.2951,0.2147
12,Brejo do Itaperu,Alta,Alta,"MA, PI",False,1670.5344,9944.5481,1029.8502,0.019,0.3548,0.6262,640.6842,0.0638,0.2824,0.6538,0.0,,,,0.0362,0.6368,0.327,0.3835,robust,,,0.0009,0.6294,0.0623,0.0111,728.4347,,,0.0202,0.0003,236.7276,,,3,0.4229,0.3217
120,Rio Corrente,Muito Alta,Muito Alta,"GO, MG",False,84248.1132,37084.2398,74346.8901,0.1672,0.2858,0.5471,9901.2231,0.3386,0.3274,0.334,648.3042,0.0342,0.4288,0.537,0.1873,0.522,0.2907,0.4767,threshold,,,0.0291,0.477,0.049,0.0006,28883.1554,0.3238,0.458,0.0359,0.0004,21195.2957,0.1277,0.4091,1,0.2951,0.2147
121,Lagoas do Rio São Francisco,Muito Alta,Alta,BA,False,25479.4148,463.9664,25479.4148,0.0,0.0762,0.9238,0.0,,,,0.0,,,,0.0,0.9238,0.0762,0.0589,robust,,small,0.0,0.919,0.0066,0.0001,1241.1572,0.0003,0.0382,0.0022,0.0,417.318,,,1,0.2951,0.2147
122,Coribe,Muito Alta,Alta,BA,False,6542.969,457.3898,6542.969,0.0001,0.038,0.9619,0.0,,,,0.0,,,,0.0001,0.9619,0.038,0.0152,robust,,small,0.0,0.925,0.0008,0.0,46.5565,,,0.0004,0.0,17.0244,,,1,0.2951,0.2147
123,Entorno TI Areões II,Muito Alta,Alta,MT,False,20196.7191,11209.811,20139.7866,0.6102,0.2555,0.1342,56.9325,0.9909,0.0091,0.0,1270.7608,0.8862,0.0958,0.018,0.6113,0.1339,0.2549,0.637,,robust,threshold,0.2071,0.0768,0.2755,0.195,38958.8466,0.0919,0.6348,0.3569,0.2053,50477.3568,0.1334,0.7971,1,0.2951,0.2147
124,Entorno RVS Veredas,Extremamente Alta,Muito Alta,BA,False,72374.0157,1164.1204,58308.7628,0.0641,0.7612,0.1747,14065.2529,0.1217,0.7181,0.1602,1083.1926,0.2549,0.5404,0.2048,0.0753,0.1719,0.7529,0.662,,,threshold,0.0019,0.1452,0.0971,0.0012,50973.2131,0.0376,0.1385,0.0981,0.0011,49756.1505,0.1752,0.3685,1,0.2951,0.2147
125,Cocos,Extremamente Alta,Muito Alta,BA,False,7421.5982,132.0147,7421.5982,0.0003,0.0712,0.9285,0.0,,,,0.0,,,,0.0003,0.9285,0.0712,0.0,robust,,small,0.0003,0.9212,0.001,0.0,50.481,,,0.0028,0.0,145.8708,,,1,0.2951,0.2147
126,Rio Cuiabá,Extremamente Alta,Extremamente Alta,MT,False,221959.1534,41943.8394,174208.7712,0.0965,0.5153,0.3882,47750.3822,0.3391,0.4885,0.1724,1404.5225,0.0435,0.139,0.8175,0.1487,0.3418,0.5095,0.282,,,,0.0333,0.2996,0.0684,0.0114,106216.6366,0.129,0.9195,0.1211,0.0214,188188.2671,0.1645,0.696,1,0.2951,0.2147
127,Nascentes do Rio Paraguai,Extremamente Alta,Extremamente Alta,MT,False,33127.8796,40240.6849,31008.002,0.0378,0.3936,0.5687,2119.8776,0.0493,0.2986,0.6521,2286.5518,0.1706,0.1406,0.6887,0.0385,0.574,0.3875,0.1564,robust,,,0.0123,0.5316,0.0306,0.0058,7100.3959,0.3954,0.9204,0.0588,0.0106,13645.5968,0.2791,0.8607,1,0.2951,0.2147
128,Rio Paranã,Muito Alta,Extremamente Alta,GO,False,75118.6789,41666.4071,69058.7032,0.1651,0.2878,0.5471,6059.9758,0.0898,0.2291,0.681,317.7235,0.1534,0.24,0.6067,0.159,0.5579,0.2831,0.4312,threshold,,,0.0418,0.4598,0.0446,0.0034,23465.4926,0.0626,0.3436,0.048,0.0014,25240.1329,0.03,0.4676,1,0.2951,0.2147
129,Cabeceiras do rio Jauru,Extremamente Alta,Extremamente Alta,MT,False,251289.0755,35619.3559,212957.6205,0.0434,0.8131,0.1435,38331.4551,0.3147,0.604,0.0814,1204.0784,0.0132,0.594,0.3928,0.0847,0.134,0.7812,0.234,,,,0.0025,0.1251,0.0452,0.0058,79552.3221,0.6039,0.9012,0.1401,0.0015,247601.1608,0.4208,0.7929,1,0.2951,0.2147
13,Sao Bento do Tocantins,Alta,Alta,TO,False,16521.7854,12454.4611,16517.6028,0.2468,0.3334,0.4198,4.1825,0.383,0.1702,0.4468,370.7177,0.1351,0.5552,0.3097,0.2468,0.4198,0.3333,0.1666,,threshold,,0.0443,0.3244,0.1101,0.0318,12730.4317,0.6528,0.6548,0.0674,0.0162,7799.6733,0.666,0.6253,3,0.4229,0.3217
130,Carinhana,Extremamente Alta,Extremamente Alta,"MG, BA",False,263102.5031,5650.3938,238305.8914,0.0414,0.4919,0.4667,24796.6117,0.1355,0.6499,0.2147,5342.5573,0.1689,0.4128,0.4184,0.0503,0.4429,0.5068,0.3571,,,,0.0002,0.393,0.0362,0.0004,69209.6144,0.1186,0.3202,0.0737,0.0005,136337.1338,0.0526,0.3299,1,0.2951,0.2147
131,Entorno TI Areões III,Muito Alta,Alta,MT,False,12321.477,3563.0553,12257.887,0.8516,0.1283,0.0201,63.59,0.8011,0.1839,0.015,414.7032,0.9102,0.0748,0.015,0.8513,0.02,0.1286,0.5639,,robust,threshold,0.5974,0.0189,0.4433,0.4714,38258.4882,0.0666,0.7372,0.546,0.5803,47100.9151,0.1808,0.7209,1,0.2951,0.2147
132,Rio Formoso,Extremamente Alta,Muito Alta,BA,False,24891.7226,1486.9605,19460.713,0.1577,0.5117,0.3306,5431.0096,0.0562,0.5202,0.4236,2816.1053,0.054,0.6421,0.304,0.1355,0.3509,0.5136,0.4062,,,,0.0007,0.3199,0.0525,0.0002,9161.2127,0.1759,0.4083,0.0374,0.0,6513.0774,0.0158,0.9003,1,0.2951,0.2147
133,Nova Xavantina,Muito Alta,Alta,MT,False,29542.1354,15582.1573,29361.1811,0.1434,0.3967,0.4599,180.9543,0.3613,0.4708,0.1678,1425.4334,0.1984,0.2171,0.5845,0.1447,0.4581,0.3972,0.0964,,,,0.0076,0.4307,0.0776,0.0005,16056.9451,0.0245,0.6983,0.084,0.0004,17379.7468,0.0059,0.5816,1,0.2951,0.2147
134,Rio Manso,Extremamente Alta,Extremamente Alta,MT,False,297471.8806,163845.267,294224.5355,0.0502,0.4355,0.5143,3247.3451,0.1876,0.5809,0.2314,2968.445,0.0109,0.1956,0.7935,0.0517,0.5112,0.4371,0.2083,threshold,,,0.0077,0.4771,0.0318,0.0029,66101.3554,0.2216,0.787,0.0755,0.0052,157256.7257,0.1291,0.838,1,0.2951,0.2147
135,Iuiú,Muito Alta,Alta,BA,False,31794.761,299.4467,31794.761,0.0,0.0315,0.9685,0.0,,,,0.0,,,,0.0,0.9685,0.0315,0.0055,robust,,small,0.0,0.9545,0.0016,0.0,390.5153,,,0.0022,0.0,512.0324,,,1,0.2951,0.2147
136,Crixás,Extremamente Alta,Extremamente Alta,GO,False,48618.1353,31509.7447,48163.632,0.1475,0.4623,0.3902,454.5034,0.5125,0.4464,0.0411,7.8706,0.0219,0.0329,0.9451,0.1509,0.387,0.4622,0.3494,,,,0.0122,0.3696,0.0634,0.0017,21566.2164,0.1829,0.7335,0.0908,0.0038,30924.7155,0.0129,0.8825,1,0.2951,0.2147
137,Rio dos Cavalos,Extremamente Alta,Extremamente Alta,MT,False,50136.0248,29814.708,49094.3987,0.0282,0.3696,0.6022,1041.6262,0.1474,0.5881,0.2645,165.1513,0.0518,0.439,0.5091,0.0306,0.5952,0.3742,0.1125,robust,,,0.0046,0.5795,0.0271,0.0004,9507.9836,0.5626,0.7297,0.0552,0.0002,19391.4423,0.2347,0.892,1,0.2951,0.2147
138,Rio Pindaíba,Muito Alta,Muito Alta,MT,False,103421.6021,79902.8339,101641.7578,0.0808,0.3906,0.5286,1779.8443,0.3327,0.3723,0.295,6748.9626,0.0294,0.1058,0.8648,0.0852,0.5245,0.3903,0.111,threshold,,,0.0103,0.4841,0.0549,0.0011,39763.3847,0.1079,0.7088,0.0501,0.0021,36295.0591,0.0204,0.5671,1,0.2951,0.2147
139,Formoso,Muito Alta,Extremamente Alta,MG,False,297353.3308,40715.9349,226864.6129,0.0891,0.2711,0.6399,70488.7178,0.1607,0.2851,0.5541,5341.7582,0.0519,0.2869,0.6612,0.1061,0.6196,0.2744,0.3549,robust,,,0.0064,0.5134,0.0203,0.0001,42383.3023,0.1005,0.3507,0.0258,0.0001,53638.5917,0.0828,0.4319,1,0.2951,0.2147
14,Entorno TI Bacuruzinho,Extremamente Alta,Muito Alta,MA,False,39926.0564,86260.054,32839.3572,0.7169,0.2444,0.0387,7086.6992,0.5031,0.4522,0.0447,31.6525,0.118,0.6432,0.2388,0.679,0.0398,0.2813,0.6018,,robust,robust,0.3179,0.0277,0.2977,0.205,83802.0875,0.6697,0.8325,0.2669,0.1308,74658.4292,0.5415,0.7451,3,0.4229,0.3217
140,Entorno TI Sangradouro / Volta Grande,Muito Alta,Muito Alta,MT,False,38467.3063,37835.1777,34734.8476,0.288,0.2272,0.4848,3732.4587,0.2682,0.2635,0.4683,12681.2045,0.1405,0.2814,0.5782,0.2861,0.4832,0.2307,0.1815,,threshold,,0.1121,0.4039,0.0676,0.0393,18174.7448,0.2538,0.8411,0.0575,0.0287,15542.2812,0.2725,0.8381,1,0.2951,0.2147
141,Rio Sucuru,Alta,Alta,"MG, BA",False,87724.0583,6140.7177,87359.619,0.0001,0.0332,0.9667,364.4393,0.0152,0.2238,0.761,0.0,,,,0.0002,0.9658,0.034,0.1745,robust,,,0.0,0.9397,0.002,0.0,1255.6186,0.0372,0.1844,0.0008,0.0,488.3961,,,1,0.2951,0.2147
142,Rio Maranhão,Muito Alta,Alta,GO,False,41687.9942,24108.5896,40673.1048,0.5212,0.3262,0.1526,1014.8894,0.4929,0.4176,0.0895,180.1737,0.0939,0.4768,0.4293,0.5206,0.1511,0.3284,0.6955,,robust,robust,0.2603,0.1357,0.1365,0.0458,39840.5987,0.1643,0.796,0.1737,0.0692,50696.846,0.0923,0.7159,1,0.2951,0.2147
143,Jaiba,Muito Alta,Alta,"MG, BA",False,15170.8495,328.3006,15170.8495,0.0,0.0064,0.9936,0.0,,,,0.0,,,,0.0,0.9936,0.0064,0.0024,robust,,small,0.0,0.9934,0.0009,0.0,92.917,,,0.0,0.0,4.9327,,,1,0.2951,0.2147
144,Rio Cana Brava,Alta,Muito Alta,GO,False,51393.9497,41902.8299,46553.8837,0.1137,0.3198,0.5665,4840.0659,0.0796,0.3714,0.5489,317.3512,0.012,0.1339,0.8542,0.1105,0.5648,0.3247,0.3988,threshold,,,0.0258,0.4992,0.0357,0.0016,12836.496,0.0463,0.3853,0.0313,0.0004,11278.4733,0.1831,0.5512,1,0.2951,0.2147
145,Peruacu,Extremamente Alta,Muito Alta,MG,False,62957.8244,995.0039,62640.4401,0.0,0.1542,0.8458,317.3843,0.0,0.0163,0.9837,230.7086,0.0045,0.4451,0.5504,0.0,0.8465,0.1535,0.3018,robust,,small,0.0,0.8062,0.0006,0.0,278.6603,,,0.0023,0.0,1018.6879,0.0156,0.7102,1,0.2951,0.2147
146,Chapada da Contagem,Extremamente Alta,Extremamente Alta,"DF, GO",False,163577.6753,141057.8368,161114.5496,0.2372,0.4122,0.3506,2463.1257,0.2191,0.3494,0.4316,203.738,0.0914,0.2552,0.6534,0.237,0.3518,0.4112,0.6174,,threshold,robust,0.0673,0.3064,0.0839,0.0137,96061.6827,0.1495,0.4547,0.0902,0.0175,103368.9332,0.1311,0.6162,1,0.2951,0.2147
147,Pandeiros Conchá e Gibão,Extremamente Alta,Extremamente Alta,MG,False,519538.5146,27107.1914,490651.6169,0.0104,0.2448,0.7449,28886.8977,0.0202,0.3028,0.677,7368.005,0.1246,0.3345,0.5408,0.0109,0.7411,0.248,0.1906,robust,,,0.0005,0.698,0.0165,0.0004,64032.4605,0.0248,0.1434,0.0156,0.0001,57133.0197,0.0057,0.1797,1,0.2951,0.2147
148,Cavernas peruacu,Extremamente Alta,Muito Alta,MG,False,4403.6918,152.9969,4402.4816,0.0,0.0321,0.9679,1.2102,0.0,0.0,1.0,0.0,,,,0.0,0.9679,0.0321,0.2316,robust,,small,0.0,0.712,0.0,0.0,0.0,,,0.0013,0.0,38.8993,,,1,0.2951,0.2147
149,Rio Jaguara,Muito Alta,Muito Alta,MT,False,20326.4849,27998.2155,20243.9718,0.0163,0.4598,0.5239,82.5131,0.001,0.1519,0.8471,756.0212,0.0166,0.0587,0.9247,0.0162,0.5252,0.4586,0.2497,robust,,,0.0001,0.5025,0.0339,0.0,4825.6125,0.2453,0.9214,0.056,0.0001,7968.8529,0.2665,0.8565,1,0.2951,0.2147
15,Entorno TI Kanela - TI Porquinhos,Muito Alta,Alta,MA,False,37282.1544,8262.8882,28712.566,0.8206,0.1512,0.0282,8569.5884,0.7804,0.2014,0.0182,115.9293,0.694,0.2423,0.0636,0.8113,0.0259,0.1627,0.6889,,robust,robust,0.5174,0.0178,0.3573,0.3242,93392.554,0.7124,0.6182,0.33,0.3001,86228.3587,0.5012,0.6416,3,0.4229,0.3217
150,Rio Coxipó,Muito Alta,Muito Alta,MT,False,116178.6886,31001.7991,112593.3398,0.0968,0.442,0.4612,3585.3489,0.0957,0.59,0.3142,1527.5231,0.0488,0.3199,0.6313,0.0968,0.4566,0.4466,0.2814,,,,0.0123,0.4341,0.051,0.0051,41435.6448,0.2906,0.9404,0.0952,0.0441,77480.2699,0.3014,0.8759,1,0.2951,0.2147
151,Entorno TI Merure,Extremamente Alta,Muito Alta,MT,False,23962.3007,7296.7954,23609.3617,0.0664,0.2684,0.6652,352.939,0.0098,0.2405,0.7497,1606.0834,0.0141,0.1521,0.8338,0.0655,0.6665,0.268,0.1583,robust,,,0.0076,0.6001,0.0375,0.0069,6285.5551,0.3336,0.9621,0.0412,0.0052,6909.351,0.0966,0.8698,1,0.2951,0.2147
152,Montezuma,Muito Alta,Alta,MG,False,120303.4089,6465.4135,119060.783,0.0002,0.0347,0.9651,1242.6259,0.0,0.0123,0.9877,0.0,,,,0.0002,0.9653,0.0345,0.0519,robust,,,0.0,0.9497,0.0015,0.0001,1373.1468,0.0289,0.1505,0.0006,0.0,516.0204,,,1,0.2951,0.2147
153,Corrego Sangradouro,Muito Alta,Muito Alta,MT,False,223906.8505,140906.3646,186418.1389,0.0288,0.4234,0.5478,37488.7116,0.145,0.2994,0.5556,9340.2974,0.0581,0.2456,0.6964,0.0482,0.5491,0.4026,0.3578,threshold,,,0.0209,0.456,0.012,0.0006,19082.1288,0.3936,0.8439,0.067,0.0118,105080.7625,0.0863,0.5971,1,0.2951,0.2147
154,Rio Paraguai,Alta,Alta,MT,False,535.9429,1718.044,435.3703,0.0,0.5991,0.4009,100.5726,0.0,0.6567,0.3433,86.1257,0.0,0.76,0.24,0.0,0.3901,0.6099,0.4192,small,small,,0.0,0.389,0.0,0.0,0.0,,,0.0874,0.0014,327.7342,,,1,0.2951,0.2147
155,Rio Aricá-Açu,Muito Alta,Muito Alta,MT,False,24359.6484,36796.4048,24317.7494,0.0148,0.4438,0.5414,41.8989,0.0,0.6256,0.3744,2135.48,0.0021,0.1512,0.8467,0.0148,0.5411,0.4441,0.2119,robust,,,0.0013,0.5377,0.0066,0.0001,1132.9476,0.2471,0.9238,0.089,0.0013,15178.2735,0.1354,0.7599,1,0.2951,0.2147
156,Rio Prata,Extremamente Alta,Extremamente Alta,MT,False,73762.9904,113702.5943,63898.1311,0.0255,0.4839,0.4906,9864.8592,0.04,0.5858,0.3742,5135.3522,0.0362,0.1735,0.7903,0.0274,0.475,0.4975,0.3445,,,,0.0033,0.4234,0.0282,0.0019,14583.6995,0.1145,0.7213,0.0523,0.0003,26979.6615,0.047,0.6419,1,0.2951,0.2147
157,Rio Areial,Extremamente Alta,Extremamente Alta,MT,False,38770.4673,59393.8259,37580.8228,0.0032,0.3142,0.6826,1189.6446,0.0137,0.3349,0.6514,6038.408,0.0066,0.1165,0.8768,0.0035,0.6817,0.3148,0.2185,robust,,,0.0005,0.6445,0.0093,0.0002,2511.5073,0.0436,0.9063,0.0341,0.0008,9268.793,0.1477,0.7487,1,0.2951,0.2147
158,Pirenópolis,Extremamente Alta,Extremamente Alta,GO,False,40395.0103,43817.9146,39736.4459,0.2422,0.2548,0.503,658.5645,0.4506,0.3562,0.1933,77.7713,0.268,0.402,0.33,0.2456,0.4979,0.2565,0.2473,,threshold,,0.123,0.418,0.0648,0.0122,18335.6122,0.1656,0.6131,0.0461,0.0098,13026.8885,0.1369,0.6109,1,0.2951,0.2147
159,Rio São Bartolomeu,Extremamente Alta,Extremamente Alta,"DF, GO",False,144810.1523,78498.341,126629.2146,0.1325,0.3175,0.55,18180.9377,0.1218,0.3913,0.4869,1468.9608,0.1519,0.3952,0.4529,0.1311,0.5421,0.3268,0.1765,threshold,,,0.0413,0.4801,0.0427,0.01,43304.0231,0.3396,0.7577,0.0387,0.0072,39266.5076,0.3193,0.709,1,0.2951,0.2147
16,Rio Itapicuru,Muito Alta,Extremamente Alta,MA,False,113749.706,33984.9222,109477.0711,0.5763,0.3196,0.1041,4272.6349,0.8347,0.1392,0.0261,797.1713,0.1367,0.445,0.4184,0.586,0.1011,0.3129,0.5795,,robust,robust,0.2763,0.0918,0.2653,0.1522,212321.8267,0.4725,0.7974,0.2471,0.1196,197027.2248,0.3769,0.757,3,0.4229,0.3217
160,Rio Urucuia,Muito Alta,Alta,MG,False,8027.2447,1878.3385,6311.5522,0.0584,0.3453,0.5964,1715.6925,0.1527,0.4813,0.3661,2.5862,0.0,0.0,1.0,0.0785,0.5471,0.3743,0.2822,threshold,,,0.0116,0.4786,0.0303,0.0003,1702.155,0.2632,0.4332,0.0307,0.0,1727.0296,0.1698,0.2398,1,0.2951,0.2147
161,Rio Cuiabá-Mirim,Muito Alta,Muito Alta,MT,False,54971.7799,66657.703,45855.743,0.0802,0.414,0.5058,9116.0369,0.2162,0.3172,0.4665,4260.5022,0.0307,0.1788,0.7904,0.1027,0.4993,0.398,0.2677,,,,0.0343,0.4597,0.034,0.0083,13070.2012,0.2385,0.8105,0.0806,0.0304,31097.5802,0.1478,0.8196,1,0.2951,0.2147
162,Ribeirão Barreiro,Muito Alta,Extremamente Alta,GO,False,1349.7624,2640.6538,1225.1729,0.0544,0.2247,0.7209,124.5894,0.2061,0.4316,0.3623,80.5584,0.0,0.0546,0.9454,0.0684,0.6878,0.2438,0.1257,robust,,,0.0465,0.6855,0.0279,0.0428,263.2089,,,0.005,0.0001,47.4547,,,1,0.2951,0.2147
163,Riacho Sao Felipe,Extremamente Alta,Muito Alta,MG,False,19619.3231,1748.0298,19619.3231,0.0,0.0739,0.926,0.0,,,,0.0,,,,0.0,0.926,0.0739,0.0036,robust,,,0.0,0.9236,0.0011,0.0,155.0098,,,0.0105,0.0,1445.5222,0.0811,0.6103,1,0.2951,0.2147
164,Formosa,Muito Alta,Muito Alta,"DF, GO",False,93154.0588,16730.2697,70221.3958,0.4759,0.4184,0.1057,22932.663,0.5498,0.3503,0.0998,1168.1794,0.3504,0.2416,0.408,0.4941,0.1043,0.4017,0.2697,,threshold,,0.0577,0.0931,0.1653,0.0165,107783.213,0.241,0.6389,0.1513,0.0183,98694.3648,0.1732,0.784,1,0.2951,0.2147
165,Barra do Garças,Muito Alta,Extremamente Alta,"MT, GO",False,133929.117,46987.4814,132175.2671,0.0242,0.1912,0.7846,1753.8499,0.0153,0.2257,0.759,4541.8356,0.006,0.0531,0.9409,0.0241,0.7842,0.1917,0.2185,robust,,,0.0013,0.7351,0.0219,0.0036,20507.9158,0.0549,0.8172,0.0181,0.0001,16928.5188,0.1173,0.8074,1,0.2951,0.2147
166,Rio do Cervo,Muito Alta,Extremamente Alta,GO,False,23048.158,32657.0516,22999.055,0.0044,0.1013,0.8943,49.1031,0.0437,0.0716,0.8847,1607.2579,0.002,0.0297,0.9684,0.0045,0.8943,0.1013,0.1182,robust,,,0.0003,0.8642,0.0117,0.0002,1881.4941,0.0313,0.6147,0.0027,0.0002,435.9928,,,1,0.2951,0.2147
167,Verdelandia,Muito Alta,Alta,MG,False,3955.923,377.471,3955.923,0.0,0.0074,0.9926,0.0,,,,0.0,,,,0.0,0.9926,0.0074,0.0023,robust,,small,0.0,0.9783,0.001,0.0,27.504,,,0.0,0.0,0.0,,,1,0.2951,0.2147
168,Rio Bento Gomes,Muito Alta,Muito Alta,MT,False,322658.3927,137171.2334,249042.1774,0.0145,0.3457,0.6398,73616.2153,0.0395,0.4627,0.4978,23386.6494,0.0428,0.3294,0.6278,0.0202,0.6074,0.3724,0.3537,robust,,,0.0078,0.5928,0.0099,0.0016,22852.8381,0.2868,0.703,0.0646,0.0167,147348.3488,0.0815,0.3803,1,0.2951,0.2147
169,Ribeirão Mutum,Muito Alta,Extremamente Alta,MT,False,81662.5989,63151.0338,76096.5187,0.0899,0.4138,0.4963,5566.0802,0.2247,0.2871,0.4882,7388.9707,0.0909,0.3524,0.5567,0.0991,0.4957,0.4052,0.3119,,,,0.0342,0.4389,0.0346,0.0064,19790.2811,0.3785,0.7956,0.0586,0.0169,33692.2555,0.137,0.8141,1,0.2951,0.2147
17,Aragominas,Alta,Alta,TO,False,1709.4068,2064.1125,12.3219,0.5324,0.0648,0.4029,1697.0849,0.3449,0.3133,0.3418,6.5598,0.2433,0.0135,0.7432,0.3463,0.3422,0.3115,0.7303,,threshold,robust,0.1984,0.2864,0.0631,0.0032,754.6191,,,0.0595,0.003,712.3644,,,3,0.4229,0.3217
170,Rio Macaubas,Muito Alta,Alta,MG,False,55993.317,5707.4522,55960.2919,0.0006,0.0816,0.9178,33.025,0.0,0.0,1.0,0.0,,,,0.0006,0.9178,0.0816,0.1239,robust,,,0.0001,0.9119,0.0044,0.0007,1724.2713,0.085,0.1621,0.0067,0.0,2624.895,0.1548,0.3398,1,0.2951,0.2147
172,Rio Aguapei,Alta,Alta,MT,False,12181.7948,4097.306,8371.6973,0.0628,0.0664,0.8708,3810.0976,0.055,0.0652,0.8798,452.1592,0.4013,0.072,0.5268,0.0604,0.8736,0.066,0.4876,robust,,,0.0406,0.7586,0.0024,0.0003,213.7705,,,0.0023,0.0001,192.3693,,,1,0.2951,0.2147
173,São Romão,Muito Alta,Extremamente Alta,MG,False,221919.931,22348.2054,210956.2227,0.0043,0.0753,0.9205,10963.7084,0.0053,0.0893,0.9053,6213.5071,0.0354,0.2479,0.7166,0.0043,0.9197,0.076,0.1668,robust,,,0.0002,0.8829,0.0044,0.0001,7135.37,0.0112,0.0759,0.0065,0.0001,10164.0953,0.0068,0.2386,1,0.2951,0.2147
174,Santuario São Miguel,Muito Alta,Muito Alta,MG,False,41102.968,13594.2749,35756.9947,0.0046,0.1585,0.837,5345.9733,0.0109,0.2931,0.696,3935.0495,0.0061,0.236,0.7579,0.0054,0.8186,0.176,0.1293,robust,,,0.0004,0.7831,0.0122,0.0,3524.6227,0.0548,0.2493,0.002,0.0,579.6171,,,1,0.2951,0.2147
175,Entorno PE Serra Dourada,Muito Alta,Muito Alta,GO,False,7238.4153,18826.374,7231.8764,0.1437,0.2857,0.5706,6.5389,0.0,0.7369,0.2631,50.4079,0.0,0.2406,0.7594,0.1436,0.5703,0.2861,0.1197,robust,,,0.0246,0.5329,0.0401,0.0006,2033.2564,0.1408,0.9314,0.0347,0.0007,1756.7855,0.1112,0.5874,1,0.2951,0.2147
176,Rio Corumbá,Extremamente Alta,Extremamente Alta,"DF, GO",False,47009.9715,45036.1642,44070.6498,0.0105,0.1765,0.813,2939.3217,0.0336,0.3436,0.6228,158.216,0.0271,0.2153,0.7576,0.012,0.8011,0.1869,0.0711,robust,,,0.0015,0.7165,0.0111,0.0001,3645.6017,0.2954,0.7916,0.0054,0.0,1777.3363,0.2,0.7583,1,0.2951,0.2147
177,Rio Caiapó,Extremamente Alta,Muito Alta,GO,False,17002.2864,16231.4262,16586.0465,0.0075,0.109,0.8835,416.2399,0.0,0.0006,0.9994,652.3612,0.0,0.0105,0.9895,0.0073,0.8863,0.1064,0.087,robust,,,0.0004,0.833,0.0064,0.0001,758.7704,,,0.0016,0.0,189.4577,,,1,0.2951,0.2147
178,Montes Claros,Muito Alta,Extremamente Alta,MG,False,86834.1692,34915.0793,83548.2431,0.0001,0.0229,0.977,3285.9262,0.0103,0.1256,0.8641,416.8356,0.0033,0.24,0.7567,0.0004,0.9728,0.0268,0.076,robust,,,0.0004,0.9633,0.002,0.0003,1257.2354,0.0726,0.0899,0.0006,0.0003,389.7581,,,1,0.2951,0.2147
179,Piranhas,Muito Alta,Extremamente Alta,GO,False,26856.1532,30345.0035,26012.046,0.0095,0.1631,0.8275,844.1072,0.0074,0.1628,0.8298,1028.2784,0.0017,0.0376,0.9608,0.0094,0.8275,0.1631,0.1185,robust,,,0.0005,0.7984,0.0102,0.0001,1920.2145,0.1503,0.8206,0.0174,0.0,3279.5864,0.2373,0.7756,1,0.2951,0.2147
18,Entorno PN Chapada das Mesas,Alta,Muito Alta,"TO, MA",False,235933.5085,112812.5028,228880.3004,0.2095,0.401,0.3895,7053.2081,0.1067,0.5039,0.3894,3614.7021,0.2596,0.3883,0.3521,0.2064,0.3895,0.4041,0.2679,,threshold,,0.0788,0.3196,0.0856,0.0285,141358.2776,0.5065,0.7419,0.0725,0.023,119893.1089,0.3114,0.7832,3,0.4229,0.3217
180,Rio Piraim,Muito Alta,Muito Alta,MT,False,115589.45,43083.55,56268.218,0.0865,0.5063,0.4071,59321.2319,0.1865,0.6495,0.1641,5162.9766,0.2078,0.6145,0.1777,0.1378,0.2824,0.5798,0.2833,,,,0.0548,0.2742,0.0666,0.0453,53900.273,0.0392,0.3937,0.1241,0.1445,101112.1114,0.0604,0.5115,1,0.2951,0.2147
181,Riacho dos Machados,Muito Alta,Alta,MG,False,32124.2175,790.5714,30318.715,0.0,0.0596,0.9404,1805.5025,0.0,0.0391,0.9609,0.0,,,,0.0,0.9415,0.0585,0.1013,robust,,small,0.0,0.9105,0.0033,0.0001,783.9714,,,0.0005,0.0,123.464,,,1,0.2951,0.2147
182,Corixo do Guirá,Muito Alta,Muito Alta,MT,False,63148.8278,11746.9956,54710.1208,0.0224,0.2184,0.7592,8438.707,0.3547,0.543,0.1023,10124.2549,0.1998,0.4394,0.3608,0.0668,0.6714,0.2618,0.2663,robust,,,0.0577,0.6614,0.0171,0.0059,7627.075,0.0207,0.8131,0.0834,0.0893,36929.7102,0.0236,0.5076,1,0.2951,0.2147
183,Rio da Meia Ponte,Extremamente Alta,Muito Alta,GO,False,792.0313,74373.9153,723.9471,0.0225,0.1663,0.8112,68.0842,0.0114,0.1583,0.8304,527.2498,0.0,0.0468,0.9532,0.0216,0.8129,0.1656,0.0535,small,small,,0.0028,0.7889,0.008,0.0,44.2998,,,0.0174,0.0,96.3598,,,1,0.2951,0.2147
184,Unaí,Muito Alta,Muito Alta,MG,False,27279.3431,32197.8327,25143.5154,0.0321,0.1884,0.7794,2135.8277,0.025,0.1121,0.8629,490.8808,0.0019,0.0815,0.9166,0.0316,0.786,0.1825,0.135,robust,,,0.003,0.7563,0.0204,0.0001,3894.8736,0.0657,0.1341,0.0046,0.0,877.0951,,,1,0.2951,0.2147
185,Vazante do Inhatium,Muito Alta,Extremamente Alta,MT,False,101655.5132,19594.7635,60850.253,0.0596,0.2981,0.6423,40805.2601,0.1595,0.2768,0.5637,20716.8096,0.1194,0.303,0.5776,0.0997,0.6107,0.2895,0.5017,threshold,,robust,0.0367,0.3225,0.007,0.0004,4995.4307,0.0636,0.5028,0.0495,0.0084,35212.4971,0.1239,0.6706,1,0.2951,0.2147
186,Rio Paracatu 2,Muito Alta,Alta,MG,False,92661.0937,9110.0176,92413.7864,0.0001,0.0881,0.9118,247.3073,0.0333,0.0587,0.908,1.1157,0.0,1.0,0.0,0.0002,0.9118,0.088,0.0282,robust,,,0.0001,0.899,0.002,0.0,1284.0251,0.1646,0.3603,0.0051,0.0001,3285.1638,0.0596,0.3841,1,0.2951,0.2147
187,Ribeirão Ticororó,Muito Alta,Alta,MG,False,42488.1341,3115.2676,37615.5661,0.0001,0.1205,0.8794,4872.568,0.0004,0.1467,0.8529,3.7746,0.0227,0.0,0.9773,0.0001,0.8763,0.1235,0.1166,robust,,,0.0,0.848,0.0052,0.0,1545.291,0.0643,0.1245,0.0022,0.0,661.4258,,,1,0.2951,0.2147
188,Bonfinópolis,Muito Alta,Extremamente Alta,MG,False,109087.0827,23730.1585,88465.2122,0.012,0.1345,0.8535,20621.8705,0.0283,0.2327,0.7389,4980.7207,0.0045,0.19,0.8055,0.0151,0.8318,0.1531,0.1283,robust,,,0.0005,0.7819,0.0076,0.0001,5831.3397,0.0583,0.2504,0.0124,0.0,9474.1735,0.0012,0.732,1,0.2951,0.2147
189,Rio São Lourenço,Muito Alta,Muito Alta,"MT, MS",False,120597.7741,165641.3136,89439.8387,0.0446,0.6193,0.3361,31157.9354,0.0656,0.6781,0.2563,9453.4237,0.0108,0.5336,0.4556,0.05,0.3155,0.6345,0.5801,,,robust,0.0091,0.2659,0.0235,0.0025,19892.2883,0.0309,0.2298,0.1375,0.0605,117313.3386,0.1004,0.5529,1,0.2951,0.2147
19,Rio das Balsas,Muito Alta,Extremamente Alta,MA,False,252587.966,39932.05,243121.3738,0.4035,0.4231,0.1735,9466.5922,0.4356,0.3591,0.2052,1002.5873,0.2722,0.4477,0.2801,0.4047,0.1747,0.4207,0.5883,,threshold,robust,0.1043,0.1554,0.1744,0.0562,310256.3991,0.3942,0.8176,0.1384,0.0279,245199.4264,0.2594,0.8408,3,0.4229,0.3217
190,Doverlândia,Muito Alta,Muito Alta,GO,False,107190.209,58404.763,84091.2786,0.0025,0.0522,0.9453,23098.9304,0.003,0.1384,0.8586,10769.7981,0.0012,0.0201,0.9787,0.0026,0.9266,0.0708,0.0691,robust,,,0.0,0.9007,0.0011,0.0,854.1251,,,0.0007,0.0,556.8175,,,1,0.2951,0.2147
191,Rio dos Bois,Muito Alta,Extremamente Alta,GO,False,872.8404,37905.6348,749.336,0.0022,0.751,0.2468,123.5045,0.0,0.8213,0.1787,5116.8393,0.0,0.0995,0.9005,0.0019,0.2372,0.761,0.0429,small,small,,0.0,0.2372,0.0023,0.0,14.1887,,,0.0614,0.0,374.8895,,,1,0.2951,0.2147
192,Ribeirão Ponte de Pedra,Extremamente Alta,Extremamente Alta,MT,False,13672.8158,12826.5447,13220.7074,0.0,0.129,0.871,452.1084,0.0034,0.5545,0.4421,5889.599,0.0024,0.1284,0.8692,0.0001,0.8568,0.1431,0.1263,robust,,,0.0001,0.7769,0.0116,0.0,1105.7607,0.8266,0.9899,0.0061,0.0003,583.4863,,,1,0.2951,0.2147
193,Rio Piracanjuba,Muito Alta,Extremamente Alta,GO,False,4433.3382,18274.5122,4298.2887,0.0,0.0822,0.9177,135.0495,0.0,0.4568,0.5432,80.1116,0.0,0.0407,0.9593,0.0,0.9063,0.0936,0.0275,robust,,,0.0,0.8868,0.0007,0.0003,22.3178,,,0.0015,0.0,47.4578,,,1,0.2951,0.2147
194,Cavernas de Unaí,Alta,Alta,MG,False,825.4338,1292.6526,702.8631,0.0286,0.2463,0.7251,122.5707,0.0854,0.3838,0.5308,1.2018,0.0,0.0,1.0,0.037,0.6962,0.2668,0.1121,small,small,,0.0028,0.612,0.0061,0.0,35.2817,,,0.0245,0.0,141.4724,,,1,0.2951,0.2147
195,Córrego Pindaival,Muito Alta,Extremamente Alta,MT,False,119902.5316,9326.3369,106580.2621,0.0189,0.0833,0.8977,13322.2695,0.1301,0.0631,0.8068,2322.0942,0.0532,0.067,0.8797,0.0313,0.8876,0.0811,0.1031,robust,,,0.0139,0.7638,0.0109,0.0001,9115.7014,0.1213,0.818,0.0055,0.008,4641.2963,0.2179,0.8942,1,0.2951,0.2147
196,Unaí II,Muito Alta,Muito Alta,MG,False,13027.9529,9797.3326,11691.1121,0.0008,0.087,0.9122,1336.8409,0.0,0.0669,0.9331,310.5537,0.0,0.0853,0.9147,0.0007,0.9143,0.0849,0.1254,robust,,,0.0001,0.8969,0.0046,0.0001,422.9754,,,0.0035,0.0,320.2934,,,1,0.2951,0.2147
197,Cristalina,Extremamente Alta,Extremamente Alta,GO,False,25486.9953,13369.1522,19898.7306,0.1001,0.4004,0.4995,5588.2647,0.3051,0.465,0.2299,1248.3391,0.2336,0.4321,0.3343,0.145,0.4404,0.4146,0.2143,,,,0.0291,0.3598,0.0314,0.002,5597.6704,0.44,0.7879,0.034,0.0029,6067.4126,0.4391,0.7143,1,0.2951,0.2147
198,Rio Turvo - GO,Muito Alta,Extremamente Alta,GO,False,409.2157,21103.4602,399.6336,0.0071,0.0611,0.9319,9.5821,0.1072,0.0089,0.8839,7674.2949,0.0001,0.0647,0.9352,0.0094,0.9307,0.0598,0.0199,small,small,,0.0031,0.8236,0.0056,0.0004,16.099,,,0.0033,0.0,9.42,,,1,0.2951,0.2147
199,Alto Araguaia,Muito Alta,Extremamente Alta,"GO, MT",False,75252.0642,23948.5566,70396.4529,0.0079,0.2745,0.7175,4855.6113,0.0125,0.1591,0.8284,17867.4772,0.0179,0.2785,0.7036,0.0082,0.7247,0.2671,0.0771,robust,,,0.0013,0.6682,0.0127,0.0011,6723.0867,0.1388,0.7373,0.0227,0.0013,11945.688,0.0303,0.6253,1,0.2951,0.2147
2,Chapadinha,Alta,Muito Alta,MA,False,28783.059,627008.4835,21846.3015,0.3352,0.3747,0.2901,6936.7575,0.0933,0.2428,0.6639,63.8933,0.0391,0.3534,0.6075,0.2769,0.3802,0.3429,0.4314,,threshold,,0.1595,0.3468,0.1292,0.0834,26375.2682,0.1407,0.7877,0.1423,0.1218,28747.1029,0.118,0.8304,3,0.4229,0.3217
20,Rio Parnaiba - Balsas,Alta,Muito Alta,MA,False,207139.7292,105570.2608,204597.6479,0.4234,0.4057,0.1709,2542.0813,0.2514,0.3612,0.3874,147.5355,0.075,0.3655,0.5594,0.4213,0.1735,0.4051,0.5683,,threshold,robust,0.1383,0.1487,0.1758,0.0715,256175.6296,0.2053,0.8865,0.1462,0.0848,213196.4909,0.154,0.9036,3,0.4229,0.3217
200,Caiapônia,Muito Alta,Muito Alta,GO,False,79032.165,38117.5609,56533.4903,0.0003,0.1559,0.8438,22498.6747,0.0003,0.2843,0.7153,3952.1161,0.0,0.0291,0.9709,0.0003,0.8072,0.1925,0.0478,robust,,,0.0,0.7929,0.0015,0.0,805.7288,,,0.0023,0.0,1263.1912,0.0368,0.7988,1,0.2951,0.2147
201,São Pedro,Alta,Alta,MG,False,24853.2864,25862.2877,20144.8204,0.0138,0.2804,0.7059,4708.466,0.0359,0.3615,0.6027,211.0997,0.0008,0.1642,0.835,0.0179,0.6863,0.2957,0.1216,robust,,,0.0002,0.5745,0.0171,0.0,2976.9869,0.2431,0.5322,0.0059,0.0001,1034.284,0.2957,0.6601,1,0.2951,0.2147
202,Riacho do Bano,Muito Alta,Muito Alta,MG,False,22257.1846,3941.8457,21891.4499,0.0,0.0724,0.9276,365.7347,0.007,0.0136,0.9794,0.9416,0.0,0.0,1.0,0.0001,0.9284,0.0715,0.0161,robust,,,0.0001,0.9173,0.0011,0.0001,173.9876,,,0.008,0.0,1253.4609,0.4512,0.5568,1,0.2951,0.2147
203,Rio Corumbá II,Muito Alta,Muito Alta,GO,False,39101.5982,58210.4271,37679.9152,0.0115,0.2221,0.7664,1421.683,0.0623,0.4188,0.5188,129.7102,0.0046,0.2082,0.7871,0.0134,0.7574,0.2292,0.068,robust,,,0.0002,0.6349,0.01,0.0,2807.7449,0.2678,0.6399,0.0035,0.0,962.2165,,,1,0.2951,0.2147
204,Rio Ponte de Pedra,Extremamente Alta,Extremamente Alta,GO,False,3001.484,29427.7971,2430.9714,0.0087,0.0419,0.9495,570.5127,0.234,0.0505,0.7155,18586.3269,0.0993,0.1056,0.7951,0.0515,0.905,0.0435,0.0515,robust,,,0.0439,0.8243,0.0048,0.0006,101.7299,,,0.0011,0.0,22.2452,,,1,0.2951,0.2147
205,Rio Itiquira - Pantanal,Muito Alta,Muito Alta,MT,False,91698.4367,38021.9818,79262.737,0.034,0.4234,0.5426,12435.6997,0.1543,0.4091,0.4365,2846.2356,0.0401,0.3734,0.5865,0.0503,0.5282,0.4215,0.3914,threshold,,,0.0154,0.4535,0.0197,0.0047,12647.4736,0.0156,0.6183,0.0351,0.0057,22768.5669,0.0231,0.1817,1,0.2951,0.2147
206,Rio Itiquira,Extremamente Alta,Muito Alta,MT,False,19324.3981,19456.3274,18327.2071,0.0041,0.1574,0.8385,997.191,0.0509,0.1996,0.7495,4071.1814,0.0074,0.0572,0.9355,0.0065,0.8339,0.1596,0.108,robust,,,0.0008,0.8009,0.0074,0.0,1005.2726,0.3407,0.7556,0.0094,0.0,1267.5974,0.0008,0.9091,1,0.2951,0.2147
207,Santa Cruz de Goiás,Muito Alta,Alta,GO,False,11383.3996,31403.969,11288.5169,0.0011,0.2541,0.7448,94.8827,0.0,0.2639,0.7361,7.1841,0.0,0.0357,0.9643,0.0011,0.7447,0.2542,0.0672,robust,,,0.0003,0.6613,0.015,0.0,1198.1308,0.0226,0.909,0.0025,0.0,198.6767,,,1,0.2951,0.2147
208,João Pinheiro,Alta,Alta,MG,False,20799.8314,4910.3467,18671.2637,0.0012,0.1452,0.8536,2128.5677,0.0079,0.3202,0.6719,411.5404,0.0021,0.1708,0.8271,0.0019,0.835,0.1631,0.1116,robust,,,0.0,0.7902,0.011,0.0,1603.4726,0.0252,0.1713,0.0068,0.0,989.1872,,,1,0.2951,0.2147
209,Rio Paracatu,Alta,Alta,MG,False,27800.2376,33698.2001,22327.9311,0.0099,0.2946,0.6955,5472.3066,0.0226,0.6824,0.295,3697.9175,0.0043,0.3434,0.6523,0.0124,0.6167,0.3709,0.1279,robust,,,0.0013,0.5889,0.0067,0.0003,1302.1533,0.0879,0.4486,0.0521,0.0006,10146.7299,0.0311,0.7724,1,0.2951,0.2147
21,Riacho Tucum,Alta,Muito Alta,MA,False,18688.5558,9026.0179,18595.4067,0.5214,0.2881,0.1905,93.149,0.3006,0.4748,0.2246,683.0936,0.8589,0.0811,0.0601,0.5203,0.1907,0.2891,0.607,,robust,robust,0.2566,0.1726,0.2029,0.1289,26538.9756,0.3572,0.8923,0.1862,0.0855,24364.9319,0.2695,0.9007,3,0.4229,0.3217
210,Jequitaí,Muito Alta,Extremamente Alta,MG,False,46628.7968,21599.0118,41869.5004,0.0003,0.0461,0.9536,4759.2964,0.0011,0.0621,0.9368,0.5986,0.0,0.0,1.0,0.0004,0.9519,0.0477,0.0898,robust,,,0.0002,0.9314,0.0014,0.0,455.6155,,,0.0033,0.0001,1078.9688,0.2771,0.7186,1,0.2951,0.2147
211,Rio das Velhas,Muito Alta,Extremamente Alta,MG,False,64265.7861,27560.3618,51397.183,0.0115,0.1559,0.8326,12868.6031,0.0381,0.42,0.5419,3029.1207,0.1043,0.4463,0.4494,0.0168,0.7744,0.2088,0.1267,robust,,,0.0017,0.7319,0.0069,0.0004,3084.2153,0.2549,0.565,0.0174,0.0005,7814.7215,0.3334,0.8051,1,0.2951,0.2147
212,Rio São Marcos,Alta,Muito Alta,"GO, MG",False,31274.6645,21834.9025,27857.5482,0.0117,0.2501,0.7382,3417.1163,0.0427,0.3574,0.6,1071.4245,0.0179,0.1443,0.8378,0.015,0.7231,0.2619,0.0923,robust,,,0.0004,0.6146,0.0074,0.0001,1622.6354,0.2105,0.7419,0.0089,0.0,1952.3114,0.0856,0.3763,1,0.2951,0.2147
213,Jataí,Muito Alta,Extremamente Alta,GO,False,2931.5619,43929.023,1994.7181,0.0077,0.1191,0.8732,936.8438,0.0494,0.5127,0.4378,11205.6669,0.0075,0.1565,0.836,0.021,0.7341,0.2449,0.0557,robust,,,0.0015,0.7238,0.0125,0.0,256.3548,,,0.0392,0.0,803.7172,,,1,0.2951,0.2147
214,Rio Veríssimo,Alta,Muito Alta,GO,False,43911.8074,54901.842,41152.3123,0.0026,0.1248,0.8727,2759.4951,0.0118,0.3182,0.67,2030.9868,0.0275,0.4206,0.5519,0.0032,0.8599,0.1369,0.0431,robust,,,0.0,0.7462,0.0028,0.0,874.4955,,,0.0024,0.0,747.3712,,,1,0.2951,0.2147
215,Buritizeiro,Muito Alta,Alta,MG,False,32373.264,2926.3959,26681.1059,0.0,0.1843,0.8157,5692.1581,0.0003,0.0922,0.9075,1294.5618,0.0,0.3513,0.6487,0.0001,0.8318,0.1681,0.2584,robust,,,0.0,0.741,0.0044,0.0,992.4402,,,0.017,0.0,3858.2152,0.0184,0.0229,1,0.2951,0.2147
216,Rio Correntes,Extremamente Alta,Extremamente Alta,"MS, MT",False,130692.7163,48092.2658,65042.1289,0.0194,0.1275,0.8531,65650.5875,0.116,0.1251,0.7589,14212.93,0.0811,0.0655,0.8533,0.0679,0.8058,0.1263,0.293,robust,,,0.039,0.6919,0.0121,0.0018,11115.7066,0.1892,0.7748,0.0031,0.0,2878.3858,0.132,0.8117,1,0.2951,0.2147
217,Serranópolis,Muito Alta,Extremamente Alta,GO,False,60843.9395,110698.4766,52335.7057,0.0002,0.042,0.9578,8508.2337,0.0001,0.0876,0.9123,20184.8107,0.0127,0.0762,0.9112,0.0002,0.9514,0.0484,0.0968,robust,,,0.0,0.89,0.0007,0.0,313.8545,,,0.0012,0.0,529.8355,,,0,0.2192,0.4143
218,Diamantina,Extremamente Alta,Extremamente Alta,MG,False,138395.1865,90859.9427,92608.0538,0.0123,0.2404,0.7472,45787.1327,0.071,0.4149,0.5141,33381.1939,0.0959,0.3289,0.5752,0.0318,0.6701,0.2982,0.2051,robust,,,0.0082,0.6268,0.0216,0.0029,20936.0311,0.2819,0.5328,0.0346,0.0074,33611.5889,0.3482,0.7848,1,0.2951,0.2147
219,Serra do Cabral,Extremamente Alta,Extremamente Alta,MG,False,109470.6854,16345.8777,62236.978,0.0596,0.3955,0.5449,47233.7074,0.0611,0.5781,0.3608,10371.4865,0.1535,0.6182,0.2283,0.0603,0.4655,0.4743,0.3028,,,,0.0058,0.4283,0.0261,0.0011,20065.4268,0.3148,0.6373,0.0536,0.0045,41113.3509,0.3741,0.8042,1,0.2951,0.2147
22,Riozinho,Extremamente Alta,Extremamente Alta,PI,False,236616.5521,44516.0284,235472.1518,0.5262,0.3593,0.1145,1144.4004,0.1657,0.34,0.4943,105.8056,0.0986,0.5326,0.3688,0.5245,0.1163,0.3592,0.6862,,threshold,robust,0.1276,0.0981,0.2013,0.0494,341101.7403,0.1787,0.8683,0.2092,0.0549,353563.6077,0.1461,0.839,2,0.2698,0.2334
220,Alto Rio Taquari,Muito Alta,Extremamente Alta,"MT, MS",False,50546.9766,135257.5832,48563.5688,0.038,0.4398,0.5222,1983.4079,0.0435,0.4359,0.5206,12230.3804,0.0104,0.0579,0.9317,0.0382,0.5221,0.4396,0.1363,threshold,,,0.005,0.4977,0.0682,0.0,24127.6782,0.011,0.8624,0.0353,0.001,12505.8657,0.0064,0.5078,1,0.2951,0.2147
221,Rio Borrachudo,Alta,Muito Alta,MG,False,228802.2593,197842.3042,112528.8163,0.0041,0.1369,0.859,116273.443,0.005,0.2064,0.7886,21869.048,0.0091,0.1661,0.8249,0.0046,0.8232,0.1722,0.0705,robust,,,0.0,0.7792,0.0087,0.0,13950.4211,0.5016,0.6132,0.0081,0.0001,13025.1283,0.3281,0.5695,0,0.2192,0.4143
222,São Bartolomeu,Alta,Alta,MG,False,11636.2434,5383.6208,10755.3352,0.0,0.0517,0.9483,880.9082,0.0,0.0965,0.9035,1236.1523,0.0,0.0461,0.9539,0.0,0.9449,0.0551,0.0474,robust,,,0.0,0.9298,0.0009,0.0,69.9973,,,0.0078,0.0,635.4165,,,1,0.2951,0.2147
223,Vazante,Alta,Alta,"MG, GO",False,99364.1987,65030.4569,83242.9692,0.0254,0.3068,0.6678,16121.2295,0.0904,0.4422,0.4674,3683.5467,0.0519,0.3538,0.5942,0.0359,0.6353,0.3288,0.1083,robust,,,0.005,0.5663,0.0236,0.0005,16670.4653,0.3485,0.6934,0.0111,0.0,7688.9577,0.2066,0.6476,1,0.2951,0.2147
224,Rio Paraguai - Corumbá,Alta,Alta,MS,False,50316.2572,58927.7772,13227.3091,0.0636,0.76,0.1763,37088.9481,0.1703,0.7011,0.1286,4012.24,0.1249,0.7041,0.171,0.1422,0.1411,0.7166,0.598,,,robust,0.0361,0.1195,0.0656,0.0017,23279.2934,0.3961,0.7094,0.2041,0.1428,73435.2036,0.1711,0.2475,0,0.2192,0.4143
225,Vazante Santa Maria,Muito Alta,Extremamente Alta,MS,False,46954.5229,18115.1438,26575.4357,0.0023,0.1125,0.8851,20379.0872,0.0085,0.1215,0.87,408.3161,0.0198,0.2166,0.7636,0.005,0.8786,0.1164,0.1755,robust,,,0.0006,0.8227,0.0022,0.0001,727.4179,,,0.0006,0.0001,187.9606,,,1,0.2951,0.2147
226,Rio Doce,Muito Alta,Extremamente Alta,GO,False,21.5652,2784.0476,19.9461,0.0,0.0,1.0,1.619,0.0,0.0,1.0,614.6239,0.0022,0.2674,0.7304,0.0,1.0,0.0,0.0468,small,small,,0.0,1.0,0.0,0.0,0.0,,,0.0,0.0,0.0,,,1,0.2951,0.2147
227,Jacuba - Corrente,Muito Alta,Muito Alta,GO,False,11679.1222,40932.2276,10573.9176,0.0,0.2195,0.7805,1105.2046,0.0026,0.5117,0.4857,15155.7063,0.0049,0.3066,0.6885,0.0002,0.7526,0.2471,0.0591,robust,,,0.0,0.7487,0.0011,0.0,86.6618,,,0.0248,0.0,2027.4405,0.0094,0.7587,0,0.2192,0.4143
228,Rio das Tabocas,Alta,Alta,MG,False,6550.4446,3863.4379,4897.8095,0.0004,0.1142,0.8854,1652.6351,0.0,0.0642,0.9358,214.5841,0.0,0.3003,0.6997,0.0003,0.8981,0.1016,0.0486,robust,,,0.0,0.8829,0.0073,0.0,334.4329,,,0.0028,0.0,127.5126,,,1,0.2951,0.2147
229,Rio Taquari,Extremamente Alta,Extremamente Alta,MS,False,76985.0835,118349.3112,45460.2629,0.0265,0.1788,0.7947,31524.8207,0.0782,0.2519,0.6699,5898.5567,0.0171,0.1408,0.8422,0.0477,0.7436,0.2087,0.3489,robust,,,0.0188,0.6458,0.0233,0.0092,12469.1445,0.3538,0.7759,0.0237,0.0153,13248.6125,0.2968,0.6111,0,0.2192,0.4143
23,Bertolinea,Muito Alta,Extremamente Alta,PI,False,307048.6879,39551.8476,306295.6937,0.2277,0.5127,0.2596,752.9942,0.0414,0.1053,0.8532,70.5854,0.0577,0.1944,0.7479,0.2273,0.261,0.5117,0.5546,,threshold,robust,0.0485,0.2282,0.1242,0.0472,325385.2774,0.1396,0.6587,0.1392,0.0369,318626.8205,0.1114,0.8175,3,0.4229,0.3217
230,Presidente Olegário,Alta,Alta,MG,False,46313.5165,34379.7997,37152.3957,0.001,0.0726,0.9264,9161.1208,0.0027,0.1281,0.8692,2193.5458,0.001,0.0805,0.9185,0.0013,0.9151,0.0836,0.0427,robust,,,0.0002,0.8792,0.0057,0.0,1859.0198,0.0942,0.1868,0.0017,0.0001,549.9393,,,0,0.2192,0.4143
231,Rio da Prata,Muito Alta,Extremamente Alta,"MS, GO",False,10404.0382,38470.0101,6046.4038,0.0035,0.0903,0.9062,4357.6344,0.5695,0.3315,0.099,26935.1411,0.2701,0.367,0.363,0.2405,0.5681,0.1913,0.0588,robust,threshold,,0.1189,0.5217,0.0679,0.0282,4944.1346,0.5111,0.8593,0.0837,0.0487,6094.9937,0.5395,0.8316,0,0.2192,0.4143
232,Corinto,Muito Alta,Muito Alta,MG,False,10727.1464,3460.4122,4504.4856,0.0085,0.2654,0.7261,6222.6607,0.0173,0.228,0.7547,526.6382,0.0077,0.0691,0.9231,0.0136,0.7427,0.2437,0.0748,robust,,,0.0,0.6898,0.014,0.0,1049.2083,0.2272,0.3212,0.0122,0.0,912.8254,,,0,0.2192,0.4143
233,Rio Jauru -MS,Muito Alta,Extremamente Alta,MS,False,6507.4541,33576.9294,6488.0897,0.0,0.0034,0.9966,19.3644,0.0,0.0,1.0,3726.7937,0.0,0.001,0.999,0.0,0.9966,0.0034,0.0265,robust,,,0.0,0.9954,0.0,0.0,0.0,,,0.0001,0.0,3.0565,,,0,0.2192,0.4143
234,Vazante Riozinho,Muito Alta,Extremamente Alta,MS,False,183468.4319,78139.7951,63002.9951,0.0026,0.0726,0.9248,120465.4368,0.0175,0.1304,0.8521,4556.8818,0.0444,0.1656,0.79,0.0124,0.877,0.1106,0.1957,robust,,,0.0055,0.7635,0.0089,0.0018,11389.4588,0.2097,0.6691,0.0058,0.0,7612.9234,0.1338,0.7044,0,0.2192,0.4143
235,Três Lagoas,Extremamente Alta,Extremamente Alta,MS,False,15782.5253,49642.7132,15736.3027,0.0,0.048,0.952,46.2226,0.0,0.0514,0.9486,15340.1439,0.0,0.0101,0.9899,0.0,0.952,0.048,0.0667,robust,,,0.0,0.9486,0.0,0.0,1.5251,,,0.0017,0.0,190.6582,,,0,0.2192,0.4143
236,Felixlândia,Muito Alta,Alta,MG,False,43434.9161,16265.0354,9475.1275,0.0005,0.0822,0.9173,33959.7885,0.005,0.1653,0.8297,1917.586,0.0004,0.0404,0.9592,0.004,0.8488,0.1472,0.0371,robust,,,0.0,0.8219,0.0073,0.0,2208.6963,0.5604,0.8359,0.0078,0.0,2380.4868,0.5356,0.7519,0,0.2192,0.4143
237,Mosaico Cipo Intendente,Extremamente Alta,Extremamente Alta,MG,False,52638.8,57702.313,18561.7504,0.0111,0.2349,0.7539,34077.0496,0.0531,0.3913,0.5556,16034.8583,0.0924,0.3882,0.5195,0.0383,0.6255,0.3362,0.1662,robust,,,0.0092,0.5948,0.0229,0.0009,8446.6005,0.322,0.5533,0.0362,0.0031,13415.3178,0.3589,0.702,0,0.2192,0.4143
238,Carste Lagoa Santa,Extremamente Alta,Extremamente Alta,MG,False,41691.6601,116640.6621,28701.9388,0.0003,0.0571,0.9425,12989.7213,0.0083,0.1638,0.8279,470.2807,0.0,0.0609,0.9391,0.0028,0.9068,0.0904,0.0408,robust,,,0.0021,0.8819,0.003,0.0002,888.5172,,,0.006,0.0022,1752.1162,0.4625,0.681,0,0.2192,0.4143
239,Rio Araguari,Muito Alta,Extremamente Alta,MG,False,54139.7845,73060.3015,18982.9633,0.0518,0.1961,0.752,35156.8213,0.2994,0.3764,0.3243,1979.8502,0.0407,0.1687,0.7906,0.2126,0.4743,0.3132,0.0547,,threshold,,0.0898,0.4018,0.0738,0.0305,28030.1008,0.5283,0.79,0.0626,0.0317,23740.8369,0.3764,0.8876,0,0.2192,0.4143
24,Rio Sucuriiju,Extremamente Alta,Extremamente Alta,MA,False,417215.9756,109223.1611,385258.4772,0.6428,0.2836,0.0736,31957.4984,0.7933,0.1829,0.0237,6578.9373,0.4801,0.3553,0.1646,0.6543,0.0698,0.2759,0.5565,,robust,robust,0.2573,0.0568,0.2383,0.0915,696525.2184,0.4678,0.6613,0.2036,0.0794,595158.6238,0.3292,0.7582,2,0.2698,0.2334
240,Rio Coxim,Alta,Muito Alta,MS,False,10252.8027,47694.7514,10247.8944,0.0,0.0007,0.9993,4.9082,0.0,0.0,1.0,2402.865,0.0,0.0,1.0,0.0,0.9993,0.0007,0.023,robust,,,0.0,0.9972,0.0,0.0,0.0,,,0.0001,0.0,6.1805,,,0,0.2192,0.4143
241,Ituiutaba,Muito Alta,Extremamente Alta,MG,False,16275.9785,113490.5722,15084.4624,0.0,0.0408,0.9592,1191.5161,0.0096,0.1836,0.8067,25587.8548,0.0005,0.0554,0.9442,0.0007,0.948,0.0512,0.029,robust,,,0.0001,0.9289,0.0019,0.0,215.7763,,,0.0029,0.0,332.6325,,,0,0.2192,0.4143
242,Córrego Fundo,Muito Alta,Extremamente Alta,MS,False,7862.277,11990.7639,7811.2235,0.0,0.0209,0.9791,51.0535,0.0,0.0,1.0,281.6937,0.0,0.0021,0.9979,0.0,0.9792,0.0208,0.0293,robust,,,0.0,0.9549,0.0002,0.0,10.1546,,,0.0,0.0,0.0,,,0,0.2192,0.4143
243,Vazante Grande,Muito Alta,Muito Alta,MS,False,94991.911,69353.7871,21548.7816,0.0033,0.0346,0.962,73443.1294,0.0082,0.1153,0.8764,2330.8435,0.0177,0.1531,0.8292,0.0071,0.8959,0.097,0.0675,robust,,,0.0013,0.8445,0.0088,0.0015,5841.8047,0.4849,0.7338,0.0071,0.0025,4852.4115,0.2041,0.4132,0,0.2192,0.4143
244,Curvelo,Muito Alta,Alta,MG,False,3084.8249,4452.8881,849.9742,0.0,0.0383,0.9617,2234.8506,0.0,0.0278,0.9722,330.5505,0.0,0.0074,0.9926,0.0,0.9693,0.0307,0.018,robust,,,0.0,0.9562,0.001,0.0,22.4449,,,0.0006,0.0,13.1341,,,0,0.2192,0.4143
245,Rio Negro,Muito Alta,Muito Alta,MS,False,286470.0768,212057.293,121602.6257,0.0497,0.3035,0.6468,164867.4511,0.1267,0.2892,0.5841,21143.0015,0.1041,0.3668,0.5291,0.094,0.6107,0.2953,0.3342,robust,,,0.0335,0.5125,0.0197,0.0079,39603.8813,0.2578,0.6932,0.0523,0.0033,106205.0415,0.4439,0.6476,0,0.2192,0.4143
246,Corumbá,Extremamente Alta,Extremamente Alta,MS,False,29459.5526,54124.0108,18103.691,0.0512,0.4183,0.5305,11355.8616,0.071,0.3092,0.6198,177.7903,0.0747,0.7656,0.1597,0.0589,0.5649,0.3762,0.3428,threshold,,,0.0241,0.4112,0.0276,0.003,5768.1591,0.3548,0.7467,0.0673,0.0255,13978.6589,0.3335,0.5171,0,0.2192,0.4143
247,Rio do Peixe,Muito Alta,Extremamente Alta,MS,False,4856.2773,28443.6542,4800.4341,0.0004,0.1226,0.877,55.8432,0.0,0.2417,0.7583,401.5637,0.0,0.0776,0.9224,0.0003,0.8756,0.124,0.1222,robust,,,0.0,0.8454,0.0008,0.0,28.1013,,,0.0118,0.0,402.5318,,,0,0.2192,0.4143
248,Rio São Domingos,Muito Alta,Extremamente Alta,MS,False,8822.4129,1582.1568,8822.4129,0.0,0.006,0.994,0.0,,,,2054.0411,0.0,0.0262,0.9738,0.0,0.994,0.006,0.0305,robust,,,0.0,0.9374,0.0,0.0,0.0,,,0.0009,0.0,52.9726,,,0,0.2192,0.4143
249,Rio Negro - Serra Maracaju,Muito Alta,Alta,MS,False,595.2503,7418.5344,496.8174,0.0,0.3182,0.6818,98.4329,0.0,0.0609,0.9391,71.0413,0.0,0.0,1.0,0.0,0.7243,0.2757,0.5095,small,small,threshold,0.0,0.7005,0.0033,0.0,13.8536,,,0.0367,0.0,153.1083,,,0,0.2192,0.4143
25,Ribeirao Arrais,Alta,Alta,TO,False,14317.1906,2352.5546,14294.5938,0.5682,0.2524,0.1794,22.5968,0.9059,0.0824,0.0118,132.033,0.1859,0.4168,0.3973,0.5687,0.1791,0.2522,0.4379,,robust,,0.3912,0.1247,0.1465,0.1164,14684.0994,0.6911,0.5596,0.133,0.0391,13330.0635,0.5942,0.4991,3,0.4229,0.3217
250,Ribeirão Aquidauana,Extremamente Alta,Extremamente Alta,MS,False,2012.3151,87497.2364,1419.7788,0.0,0.0175,0.9825,592.5363,0.0,0.0,1.0,6039.863,0.0,0.0032,0.9968,0.0,0.9877,0.0123,0.0954,robust,,,0.0,0.8777,0.0015,0.0,21.3455,,,0.0,0.0,0.675,,,0,0.2192,0.4143
251,Ibiá,Alta,Alta,MG,False,8309.4355,6696.428,6206.7372,0.1149,0.4365,0.4485,2102.6984,0.1533,0.5367,0.3101,371.3591,0.0632,0.3717,0.5651,0.1246,0.4135,0.4619,0.1077,,,,0.0151,0.3276,0.0352,0.0015,2052.9582,0.3871,0.6309,0.0397,0.0,2316.1807,0.3583,0.7334,0,0.2192,0.4143
252,Rio Miranda,Muito Alta,Muito Alta,MS,False,136079.452,44137.1588,83592.489,0.1466,0.6346,0.2189,52486.963,0.4532,0.4586,0.0882,10268.1428,0.5303,0.3945,0.0751,0.2648,0.1685,0.5667,0.3041,,threshold,,0.1381,0.1077,0.073,0.0341,69945.3229,0.2027,0.5979,0.1725,0.1056,166096.2039,0.2855,0.4229,0,0.2192,0.4143
253,Rio Paraopeba,Muito Alta,Muito Alta,MG,False,12796.199,47574.3952,7388.1261,0.0005,0.0344,0.9651,5408.073,0.0237,0.141,0.8352,151.3997,0.0084,0.0228,0.9688,0.0103,0.9102,0.0794,0.0295,robust,,,0.0045,0.9034,0.0035,0.001,310.004,,,0.0093,0.0009,832.1791,,,0,0.2192,0.4143
254,Araxá,Muito Alta,Extremamente Alta,MG,False,7569.837,26322.9165,6223.9363,0.0208,0.2921,0.687,1345.9006,0.0327,0.4385,0.5288,61.0897,0.0,0.0152,0.9848,0.0229,0.6589,0.3182,0.0726,robust,,,0.0029,0.6048,0.0204,0.0,1082.3822,0.1618,0.4875,0.0275,0.0011,1455.0566,0.4705,0.9505,0,0.2192,0.4143
255,Rio Taboco,Muito Alta,Extremamente Alta,MS,False,11134.1983,63584.0785,8953.1496,0.0147,0.2331,0.7522,2181.0487,0.012,0.1899,0.7981,1719.6969,0.0088,0.1752,0.816,0.0142,0.7612,0.2246,0.2071,robust,,,0.0001,0.5432,0.0019,0.0,148.7557,,,0.0247,0.0,1928.8832,0.0001,0.0271,0,0.2192,0.4143
256,Divinópolis,Muito Alta,Extremamente Alta,MG,False,1332.7571,43600.2227,1132.9424,0.0035,0.0397,0.9568,199.8147,0.0986,0.0669,0.8345,389.3638,0.0004,0.0741,0.9254,0.0178,0.9385,0.0437,0.0331,robust,,,0.0128,0.867,0.0075,0.0064,70.3474,,,0.0102,0.01,95.4634,,,0,0.2192,0.4143
257,Córrego Agachi,Extremamente Alta,Extremamente Alta,MS,False,65550.88,24164.903,52909.1142,0.0487,0.8691,0.0823,12641.7658,0.1054,0.8664,0.0283,3101.9387,0.1045,0.8199,0.0756,0.0596,0.0718,0.8686,0.3366,,,,0.003,0.0508,0.0015,0.0001,677.8564,,,0.1989,0.0424,91824.0607,0.3722,0.5197,0,0.2192,0.4143
258,Rio Miranda - Pantanal,Extremamente Alta,Muito Alta,MS,False,48381.0417,64094.0622,45239.0326,0.0517,0.7517,0.1966,3142.0091,0.1245,0.7022,0.1732,789.8047,0.0039,0.3214,0.6747,0.0565,0.1951,0.7485,0.1829,,,,0.0083,0.1338,0.0013,0.0002,452.6011,,,0.1259,0.0058,43461.2002,0.3106,0.3418,0,0.2192,0.4143
259,Tapira,Alta,Alta,MG,False,39460.7517,21042.2872,20980.7615,0.0913,0.3096,0.5991,18479.9902,0.1584,0.3807,0.4609,515.6176,0.2195,0.2349,0.5456,0.1227,0.5344,0.3428,0.2258,threshold,,,0.0243,0.4275,0.0364,0.0015,10053.6295,0.3211,0.7064,0.0262,0.0022,7234.2204,0.3137,0.8012,0,0.2192,0.4143
26,Entorno TI Kraolandia,Muito Alta,Alta,TO,False,18537.6119,9366.9815,18335.1417,0.529,0.3273,0.1437,202.4702,0.7473,0.247,0.0057,1064.6133,0.3422,0.4468,0.2109,0.5314,0.1422,0.3264,0.4203,,robust,,0.235,0.1073,0.2241,0.112,29086.5456,0.468,0.7066,0.1734,0.0815,22503.8087,0.3992,0.6787,2,0.2698,0.2334
260,Rio Nabileque,Alta,Alta,MS,False,65665.1164,23116.7612,43090.6284,0.323,0.4786,0.1984,22574.488,0.548,0.362,0.09,1269.5447,0.6734,0.2465,0.0802,0.4003,0.1611,0.4385,0.1665,,robust,,0.2186,0.1304,0.0844,0.0543,40035.9716,0.0553,0.2346,0.1927,0.1505,89690.579,0.3609,0.5106,0,0.2192,0.4143
261,Bodoquena,Alta,Alta,MS,False,3551.0764,142063.7965,2037.8936,0.0026,0.0804,0.917,1513.1828,0.0,0.0178,0.9822,462.8608,0.0134,0.216,0.7705,0.0015,0.9448,0.0537,0.0703,robust,,,0.0,0.8745,0.002,0.0,50.043,,,0.0064,0.0,157.9126,,,0,0.2192,0.4143
262,Rio Preto,Alta,Alta,SP,False,,3265.5185,0.0,,,,0.0,,,,585.9542,0.0054,0.0998,0.8948,,,,0.0899,small,small,,,,,,,,,,,,,,0,0.2192,0.4143
263,Pedregulho,Muito Alta,Extremamente Alta,SP,False,27.9909,4980.0034,25.7221,0.0,0.3335,0.6665,2.2688,0.0,0.0,1.0,94.9533,0.0,0.0655,0.9345,0.0,0.6935,0.3065,0.1154,small,small,,0.0,0.6935,0.0,0.0,0.0,,,0.0438,0.0,8.5781,,,0,0.2192,0.4143
264,Sacramento,Muito Alta,Alta,"MG, SP",False,15410.1832,16865.1702,7778.9735,0.1426,0.3341,0.5233,7631.2097,0.2544,0.3717,0.3739,124.7096,0.1544,0.2298,0.6158,0.198,0.4493,0.3528,0.174,,,,0.057,0.3875,0.0504,0.0007,5394.0767,0.3465,0.7075,0.0495,0.0021,5380.5651,0.4613,0.909,0,0.2192,0.4143
265,Rio Sapucaí,Alta,Muito Alta,"SP, MG",False,1712.3784,31631.0016,1679.7646,0.0005,0.6182,0.3813,32.6138,0.0,0.3053,0.6947,2865.6768,0.0011,0.2146,0.7844,0.0005,0.3873,0.6122,0.1492,,,,0.0,0.3852,0.001,0.0,11.547,,,0.1029,0.0,1233.532,0.6693,0.995,0,0.2192,0.4143
266,Rio Pardo,Muito Alta,Muito Alta,SP,False,622.0873,37735.8883,596.9487,0.001,0.0621,0.9369,25.1386,0.0,0.0465,0.9535,8644.3301,0.0097,0.3612,0.6291,0.0009,0.9376,0.0615,0.1613,small,small,,0.0005,0.899,0.0019,0.0,8.1841,,,0.006,0.0,26.041,,,0,0.2192,0.4143
267,Carste Arcos e Pains,Muito Alta,Muito Alta,MG,False,243.131,15865.2299,178.15,0.0,0.0302,0.9698,64.981,0.0,0.0207,0.9793,351.554,0.0282,0.0961,0.8757,0.0,0.9724,0.0276,0.0118,small,small,,0.0,0.9689,0.0017,0.0,2.9382,,,0.0008,0.0,1.4266,,,0,0.2192,0.4143
268,Rio Turvo - SP,Alta,Alta,SP,False,,5561.2116,0.0,,,,0.0,,,,606.393,0.0,0.2597,0.7403,,,,0.2209,small,small,,,,,,,,,,,,,,0,0.2192,0.4143
269,São José dos Dourados,Alta,Alta,SP,False,,6414.028,0.0,,,,0.0,,,,185.6767,0.0,0.023,0.977,,,,0.0231,small,small,,,,,,,,,,,,,,0,0.2192,0.4143
27,Guarai,Alta,Muito Alta,TO,False,8995.0409,16657.8975,8992.654,0.2916,0.3753,0.3331,2.3869,1.0,0.0,0.0,322.556,0.086,0.5357,0.3783,0.2918,0.333,0.3752,0.5525,,threshold,robust,0.0452,0.224,0.1048,0.008,6658.7491,0.1083,0.8751,0.0163,0.0007,1049.9669,0.5165,0.7412,2,0.2698,0.2334
270,Rio Verde,Extremamente Alta,Extremamente Alta,MS,False,1978.016,20397.8746,1978.016,0.0,0.0535,0.9465,0.0,,,,9211.458,0.0,0.039,0.961,0.0,0.9465,0.0535,0.0472,robust,,,0.0,0.9042,0.0,0.0,0.0,,,0.0,0.0,0.2518,,,0,0.2192,0.4143
271,Ribeirão Serrote,Muito Alta,Extremamente Alta,MS,False,5551.2025,1272.6628,5457.9056,0.0,0.0736,0.9264,93.2969,0.0,0.0,1.0,1103.5654,0.0,0.0266,0.9734,0.0,0.9276,0.0724,0.0838,robust,,,0.0,0.6938,0.0,0.0,0.0,,,0.0007,0.0,27.0123,,,0,0.2192,0.4143
272,Córrego Belchior,Extremamente Alta,Extremamente Alta,MS,False,53.5366,20460.3352,4.1897,0.0,0.0,1.0,49.3468,0.0,0.0322,0.9678,1355.8471,0.0,0.0897,0.9103,0.0,0.9703,0.0297,0.1293,small,small,,0.0,0.8748,0.0,0.0,0.0,,,0.0042,0.0,1.591,,,0,0.2192,0.4143
273,Nioaque,Extremamente Alta,Extremamente Alta,MS,False,513.5728,56032.7303,0.0,,,,513.5728,0.0,0.0152,0.9848,2616.5056,0.0,0.0013,0.9987,0.0,0.9848,0.0152,0.1033,small,small,,0.0,0.9439,0.0015,0.0,5.3592,,,0.0002,0.0,0.6685,,,0,0.2192,0.4143
274,Alpinópolis,Muito Alta,Alta,MG,False,12718.5168,26474.5244,3615.5833,0.031,0.4216,0.5474,9102.9335,0.0852,0.6025,0.3123,580.9726,0.1383,0.42,0.4417,0.0698,0.3791,0.5511,0.1326,,,,0.0226,0.3195,0.031,0.0008,2762.145,0.3349,0.7487,0.0861,0.0001,7664.1365,0.1153,0.8825,0,0.2192,0.4143
275,Ribeirão Cachoeira,Extremamente Alta,Muito Alta,MS,False,4841.3614,26047.236,3953.4156,0.0,0.0395,0.9605,887.9458,0.0,0.2016,0.7984,5865.1727,0.0,0.036,0.964,0.0,0.9308,0.0692,0.0268,robust,,,0.0,0.9162,0.0022,0.0,73.9445,,,0.001,0.0,33.4494,,,0,0.2192,0.4143
276,Bonito,Alta,Alta,MS,False,6115.8118,78586.0498,0.0,,,,6115.8118,0.001,0.1314,0.8676,10183.3904,0.0108,0.2314,0.7578,0.001,0.8676,0.1314,0.0491,robust,,,0.0002,0.8053,0.0006,0.0,25.6919,,,0.0149,0.0,636.6693,,,0,0.2192,0.4143
277,Rio Aquidabã,Muito Alta,Muito Alta,MS,False,82336.8583,76620.7346,78381.4288,0.0645,0.1613,0.7742,3955.4296,0.1006,0.1569,0.7425,2810.5582,0.0004,0.0735,0.9261,0.0663,0.7727,0.1611,0.2113,robust,,,0.0159,0.6734,0.0114,0.0006,6904.993,0.0072,0.0771,0.0539,0.0099,31073.1695,0.3154,0.6516,0,0.2192,0.4143
278,Córrego Piau,Extremamente Alta,Extremamente Alta,MS,False,2288.054,23946.3518,19.4542,0.0,0.2835,0.7165,2268.5998,0.008,0.1131,0.8788,8998.9532,0.0019,0.1123,0.8859,0.0079,0.8775,0.1146,0.0305,robust,,,0.0054,0.8342,0.0045,0.0,72.5862,,,0.0097,0.0,154.653,,,0,0.2192,0.4143
279,Rio Moji-Guaçu,Alta,Muito Alta,SP,False,271.0185,33906.9061,256.8612,0.0,0.1124,0.8876,14.1573,0.0,0.0,1.0,7955.3426,0.0356,0.4163,0.5481,0.0,0.8934,0.1066,0.1542,small,small,,0.0,0.8763,0.0001,0.0,0.1665,,,0.0155,0.0,29.3781,,,0,0.2192,0.4143
28,Rio Parnaiba II,Alta,Muito Alta,"MA, PI",False,601193.1768,122309.3091,579868.9433,0.4437,0.4384,0.1179,21324.2335,0.3922,0.4701,0.1377,1751.633,0.3507,0.4065,0.2428,0.4419,0.1186,0.4395,0.6561,,threshold,robust,0.0529,0.1013,0.177,0.0138,760937.537,0.171,0.8508,0.1596,0.0151,684062.7058,0.1156,0.8797,2,0.2698,0.2334
280,Cristais,Muito Alta,Alta,MG,False,29.3879,522.2951,29.3879,0.0,0.0741,0.9259,0.0,,,,24.1129,0.0,0.0,1.0,0.0,0.9259,0.0741,0.0109,small,small,small,0.0,0.9145,0.0,0.0,0.0,,,0.0,0.0,0.0,,,0,0.2192,0.4143
281,Furnas,Muito Alta,Alta,MG,False,2783.0719,10580.7607,350.362,0.0872,0.3712,0.5416,2432.7099,0.0672,0.465,0.4678,287.0703,0.108,0.3991,0.4929,0.0697,0.4771,0.4532,0.1684,,,,0.0063,0.3718,0.0386,0.0,751.8398,,,0.0042,0.0,81.8076,,,0,0.2192,0.4143
282,Cavernas de Candeias,Alta,Alta,MG,False,,4.2687,0.0,,,,0.0,,,,0.0,,,,,,,0.0,small,small,small,,,,,,,,,,,,,0,0.2192,0.4143
283,Rio Perdido,Muito Alta,Muito Alta,MS,False,13385.3895,54770.3154,12275.2379,0.0002,0.0073,0.9926,1110.1515,0.0,0.1068,0.8932,5112.5039,0.0,0.0323,0.9677,0.0001,0.9843,0.0155,0.0618,robust,,,0.0,0.95,0.001,0.0,96.0074,,,0.001,0.0,95.2317,,,0,0.2192,0.4143
284,Campos Gerais,Muito Alta,Alta,MG,False,6.9319,801.2599,6.9319,0.0,0.0,1.0,0.0,,,,8.3524,0.0,0.0,1.0,0.0,1.0,0.0,0.0349,small,small,small,0.0,1.0,0.0,0.0,0.0,,,0.0,0.0,0.0,,,0,0.2192,0.4143
285,Rio Tarumã,Alta,Muito Alta,MS,False,79351.4071,65868.4219,68101.3978,0.074,0.1179,0.8081,11250.0093,0.4129,0.2153,0.3718,928.4013,0.2369,0.1462,0.6169,0.122,0.7463,0.1317,0.2624,robust,,,0.0769,0.6243,0.0022,0.0001,1547.2968,0.2051,0.3502,0.0199,0.0011,11277.6503,0.7447,0.8953,0,0.2192,0.4143
287,Rio Inhanduí,Extremamente Alta,Extremamente Alta,MS,False,1858.791,16387.6883,720.4203,0.0,0.0043,0.9957,1138.3707,0.0,0.0465,0.9535,6648.073,0.0011,0.0575,0.9414,0.0,0.9699,0.0301,0.0451,robust,,,0.0,0.9336,0.0002,0.0,11.7326,,,0.0007,0.0,10.8194,,,0,0.2192,0.4143
288,Rio Feio,Extremamente Alta,Extremamente Alta,MS,False,12.9906,29447.0735,0.6648,0.0,0.0,1.0,12.3258,0.0,0.0,1.0,653.948,0.0,0.0006,0.9994,0.0,1.0,0.0,0.0421,small,small,,0.0,0.9743,0.0,0.0,0.0,,,0.0,0.0,0.0,,,0,0.2192,0.4143
289,Rio Caracol,Muito Alta,Muito Alta,MS,False,1046.6596,14589.4231,37.7835,0.0,0.0,1.0,1008.8761,0.0,0.1565,0.8435,5674.5013,0.0,0.0284,0.9716,0.0,0.8492,0.1508,0.0251,robust,,,0.0,0.6337,0.0003,0.0,2.2483,,,0.0117,0.0,85.8555,,,0,0.2192,0.4143
29,Nascente Uruçui,Extremamente Alta,Extremamente Alta,PI,False,36281.1525,2198.7013,36226.2076,0.6276,0.2893,0.0831,54.9449,0.2254,0.1948,0.5797,16.8983,0.0942,0.1676,0.7382,0.627,0.0838,0.2891,0.6515,,threshold,robust,0.0931,0.0692,0.2258,0.0341,59345.9812,0.1988,0.843,0.282,0.0644,73276.6311,0.1089,0.9071,2,0.2698,0.2334
290,Bela Vista,Alta,Muito Alta,MS,False,78.3598,20425.9638,0.0,,,,78.3598,0.0,0.0032,0.9968,4890.3812,0.0,0.0067,0.9933,0.0,0.9968,0.0032,0.093,small,small,,0.0,0.9385,0.0,0.0,0.0,,,0.0,0.0,0.0,,,0,0.2192,0.4143
291,Batalha,Alta,Muito Alta,SP,False,,17061.2261,0.0,,,,0.0,,,,1107.9844,0.0,0.0096,0.9904,,,,0.0176,small,small,,,,,,,,,,,,,,0,0.2192,0.4143
292,Rio Jacaré-Pepira,Muito Alta,Extremamente Alta,SP,False,5.1497,34054.8275,0.5811,0.0,1.0,0.0,4.5686,0.0,1.0,0.0,6928.7151,0.0,0.3972,0.6028,0.0,0.0,1.0,0.0794,small,small,,0.0,0.0,0.0,0.0,0.0,,,0.1429,0.0,5.1497,,,0,0.2192,0.4143
293,Córrego Itá,Alta,Alta,MS,False,23.3108,4565.4835,0.0,,,,23.3108,0.0,0.0,1.0,702.5187,0.0,0.0,1.0,0.0,1.0,0.0,0.0773,small,small,,0.0,1.0,0.0,0.0,0.0,,,0.0,0.0,0.0,,,0,0.2192,0.4143
294,Rio Apa,Alta,Alta,MS,False,4.6439,1659.429,0.0,,,,4.6439,0.0,0.0,1.0,489.7676,0.0,0.0332,0.9668,0.0,1.0,0.0,0.0377,small,small,,0.0,1.0,0.0,0.0,0.0,,,0.0,0.0,0.0,,,0,0.2192,0.4143
295,Itirapina,Alta,Muito Alta,SP,False,43.4244,10527.2974,35.6353,0.0,0.4559,0.5441,7.7891,0.0,0.0106,0.9894,155.6002,0.0,0.0213,0.9787,0.0,0.624,0.376,0.0318,small,small,,0.0,0.624,0.0003,0.0,0.0829,,,0.0055,0.0,1.6571,,,0,0.2192,0.4143
296,Barra Bonita,Muito Alta,Extremamente Alta,SP,False,,26518.0905,0.0,,,,0.0,,,,1799.8417,0.0,0.0142,0.9858,,,,0.0195,small,small,,,,,,,,,,,,,,0,0.2192,0.4143
297,Itapetininga,Extremamente Alta,Muito Alta,SP,False,,527.1653,0.0,,,,0.0,,,,35.636,0.0,0.0,1.0,,,,0.0,small,small,small,,,,,,,,,,,,,0,0.2192,0.4143
298,Jaguariaiva,Muito Alta,Alta,PR,False,23180.5865,34771.3077,0.0,,,,23180.5865,0.0438,0.1498,0.8064,291.7259,0.002,0.1813,0.8167,0.0438,0.8064,0.1498,0.0405,robust,,,0.0086,0.6365,0.0126,0.0003,2029.094,0.7439,0.8887,0.0177,0.0022,2905.5733,0.6695,0.8255,0,0.2192,0.4143
299,Rio Lajeado - MS,Extremamente Alta,Extremamente Alta,MS,False,23.1397,5485.7787,0.0,,,,23.1397,0.0,0.0179,0.9821,220.8512,0.0,0.0199,0.9801,0.0,0.9821,0.0179,0.015,small,small,,0.0,0.9821,0.0,0.0,0.0,,,0.0031,0.0,0.4976,,,0,0.2192,0.4143
3,Rio Parnaiba,Alta,Alta,"MA, PI",False,16991.7187,101817.1706,16851.4333,0.0132,0.1838,0.803,140.2854,0.0,0.1304,0.8696,3148.714,0.0284,0.0911,0.8806,0.0131,0.8035,0.1834,0.3667,robust,,,0.0009,0.7816,0.032,0.0055,3909.4817,0.0034,0.5047,0.0122,0.0005,1464.3314,0.0195,0.6242,3,0.4229,0.3217
30,Couto de Magalhaes,Muito Alta,Muito Alta,TO,False,18179.3016,19851.5172,10030.1482,0.1563,0.2213,0.6224,8149.1534,0.5554,0.126,0.3186,82.8545,0.0566,0.0672,0.8762,0.3352,0.4862,0.1786,0.1381,,robust,,0.2709,0.3591,0.053,0.0329,6744.1348,0.4338,0.7281,0.0259,0.0092,3294.9494,0.4139,0.4949,2,0.2698,0.2334
300,Itararé,Extremamente Alta,Muito Alta,"PR, SP",False,301.8338,8342.8741,0.0,,,,301.8338,0.0,0.0189,0.9811,44.7477,0.0,0.0657,0.9343,0.0,0.9811,0.0189,0.0096,small,small,,0.0,0.9378,0.0019,0.0,4.0845,,,0.0,0.0,0.0,,,0,0.2192,0.4143
31,Recursolândia,Muito Alta,Alta,TO,False,134957.7875,80405.36,132736.3255,0.4611,0.36,0.1789,2221.4621,0.3548,0.4625,0.1827,10076.8551,0.4971,0.3393,0.1637,0.4594,0.1789,0.3617,0.5803,,threshold,robust,0.1376,0.1414,0.1728,0.0681,163259.6932,0.4481,0.619,0.1491,0.0599,140957.5999,0.3186,0.5843,2,0.2698,0.2334
32,Caseara,Muito Alta,Muito Alta,"TO, PA",False,32347.9073,58585.7058,27156.5825,0.1249,0.3396,0.5355,5191.3248,0.5943,0.2125,0.1932,4437.0859,0.2835,0.429,0.2875,0.2002,0.4805,0.3192,0.1118,,threshold,,0.1292,0.3947,0.0586,0.0434,13269.5543,0.3323,0.835,0.0433,0.0289,9813.3399,0.362,0.7244,2,0.2698,0.2334
33,Entorno PN Serra das Confusões I,Alta,Alta,PI,False,77129.3618,2081.6807,76118.1409,0.0093,0.473,0.5178,1011.2209,0.0,0.0284,0.9716,0.0,,,,0.0091,0.5237,0.4671,0.3647,threshold,,,0.0003,0.4769,0.0417,0.0013,22773.5111,0.0141,0.7896,0.0378,0.0005,21180.7587,0.001,0.8639,2,0.2698,0.2334
34,Rio Lajeado - TO,Alta,Muito Alta,TO,False,201240.1201,87904.8347,120678.4901,0.1679,0.2348,0.5973,80561.63,0.514,0.2081,0.2779,662.0918,0.4762,0.2473,0.2765,0.3065,0.4694,0.2241,0.2459,,robust,,0.2202,0.3856,0.0744,0.0572,104860.0166,0.4723,0.6727,0.0416,0.0238,58613.8873,0.4369,0.5472,2,0.2698,0.2334
35,Serra do Quilombo,Extremamente Alta,Extremamente Alta,PI,False,76155.2551,3200.5463,75857.781,0.2507,0.5112,0.2382,297.474,0.2066,0.602,0.1914,12.5372,0.0,0.007,0.993,0.2505,0.238,0.5115,0.5164,,threshold,robust,0.0153,0.2186,0.1209,0.027,80147.2026,0.0468,0.6198,0.1402,0.0103,81401.5895,0.0334,0.8186,2,0.2698,0.2334
36,Lizarda,Extremamente Alta,Extremamente Alta,TO,False,455041.9007,125083.9191,409481.2814,0.4745,0.386,0.1395,45560.6193,0.2079,0.4908,0.3013,36661.7009,0.5049,0.3704,0.1247,0.4478,0.1557,0.3965,0.6145,,threshold,robust,0.1309,0.1296,0.171,0.0904,545020.1363,0.3683,0.6855,0.1765,0.046,563051.0754,0.2116,0.7436,2,0.2698,0.2334
37,Entorno TI Xerente,Extremamente Alta,Extremamente Alta,TO,False,89186.0307,59549.3844,88201.2928,0.5759,0.2572,0.1669,984.7379,0.1767,0.5677,0.2556,3589.162,0.4491,0.3346,0.2163,0.5715,0.1679,0.2606,0.6535,,robust,robust,0.3754,0.1243,0.2269,0.2042,141668.0227,0.2828,0.7936,0.1374,0.0928,85837.6086,0.2178,0.7547,2,0.2698,0.2334
38,Rio do Sono,Alta,Muito Alta,TO,False,28940.3436,32030.9212,28937.1648,0.4526,0.3428,0.2046,3.1788,0.0278,0.9722,0.0,1512.8265,0.6818,0.2124,0.1058,0.4526,0.2046,0.3429,0.5688,,robust,robust,0.2248,0.1506,0.1803,0.1226,36518.9161,0.1527,0.8928,0.0352,0.0074,7132.1951,0.2456,0.7967,2,0.2698,0.2334
39,Rio Uruçui-Vermelho,Muito Alta,Extremamente Alta,PI,False,283736.6654,22472.6219,276575.4488,0.1282,0.4549,0.4169,7161.2166,0.0245,0.1585,0.817,234.226,0.1733,0.4062,0.4205,0.1256,0.427,0.4474,0.3896,,,,0.0104,0.4034,0.0804,0.0044,162010.9652,0.1698,0.9069,0.0719,0.0026,144296.8707,0.0561,0.9076,2,0.2698,0.2334
4,Lagoas Marginais,Alta,Alta,PI,False,5474.2001,16525.0694,5432.0741,0.0077,0.07,0.9224,42.126,0.0,0.0,1.0,5267.9731,0.0594,0.1144,0.8263,0.0076,0.923,0.0694,0.2066,robust,,,0.0003,0.8753,0.0101,0.0018,398.91,,,0.0016,0.0001,62.4767,,,3,0.4229,0.3217
40,Entorno PN Nascentes do Parnaíba,Extremamente Alta,Extremamente Alta,MA,False,82308.5869,9755.3723,75757.595,0.4428,0.4637,0.0936,6550.9919,0.1132,0.7116,0.1752,547.2422,0.189,0.5244,0.2865,0.4166,0.1001,0.4834,0.6345,,threshold,robust,0.0227,0.0778,0.1882,0.0156,113196.3182,0.1612,0.8413,0.181,0.0191,109949.7626,0.0694,0.8909,2,0.2698,0.2334
41,Rio do Coco,Muito Alta,Muito Alta,TO,False,71518.0732,55637.4329,62000.4959,0.0986,0.1666,0.7348,9517.5773,0.3685,0.2223,0.4092,11203.0511,0.4931,0.2253,0.2816,0.1345,0.6915,0.174,0.1501,robust,,,0.0754,0.5972,0.0396,0.0257,19806.1584,0.1424,0.8922,0.0289,0.0169,14469.4923,0.2819,0.842,2,0.2698,0.2334
42,Entorno PN Serra das Confusoes II,Alta,Alta,"PI, BA",False,15564.8697,40206.4889,15563.4583,0.0059,0.7019,0.2922,1.4114,0.0,0.0,1.0,0.0,,,,0.0059,0.2923,0.7018,0.1027,,,,0.0005,0.2371,0.0398,0.0067,5276.8761,0.0014,0.345,0.0195,0.001,2212.2311,0.065,0.8248,2,0.2698,0.2334
43,Lajeado,Alta,Alta,TO,False,31981.0254,16840.764,31868.1668,0.2523,0.3721,0.3757,112.8586,0.0414,0.4387,0.5199,438.165,0.1313,0.5181,0.3506,0.2515,0.3762,0.3723,0.5102,,threshold,threshold,0.1471,0.3023,0.0888,0.0541,19876.7149,0.3598,0.8492,0.0996,0.0383,22297.7685,0.207,0.8704,2,0.2698,0.2334
44,Luciara,Muito Alta,Muito Alta,MT,False,31243.8916,72093.5737,29032.2132,0.4929,0.3955,0.1116,2211.6784,0.6957,0.2581,0.0462,157344.6971,0.9308,0.0603,0.0089,0.5073,0.1069,0.3858,0.4027,,robust,,0.2265,0.0946,0.2231,0.1978,48806.6501,0.0952,0.9511,0.2464,0.182,53925.0038,0.1761,0.9709,2,0.2698,0.2334
45,Rio Sono,Muito Alta,Muito Alta,TO,False,317925.0545,48194.4484,221679.7668,0.5137,0.3705,0.1158,96245.2877,0.1727,0.6335,0.1938,20980.5917,0.4531,0.4213,0.1255,0.4105,0.1394,0.4501,0.7714,,threshold,robust,0.1095,0.1191,0.1716,0.0555,381993.6198,0.335,0.7347,0.1432,0.0211,318783.7785,0.3157,0.6207,2,0.2698,0.2334
46,Rio Araguaia I,Alta,Alta,MT,False,2735.2052,13236.1716,2735.2052,0.1309,0.4651,0.404,0.0,,,,22554.9325,0.6231,0.1988,0.1781,0.1309,0.404,0.4651,0.1846,,,,0.0096,0.3983,0.0797,0.1093,1526.2667,0.0206,0.9924,0.1013,0.0083,1940.2146,0.0172,0.9208,2,0.2698,0.2334
47,Ponte Alta,Muito Alta,Extremamente Alta,TO,False,342089.5395,242540.376,306823.9961,0.6036,0.2799,0.1165,35265.5434,0.2614,0.6053,0.1334,15748.3003,0.5389,0.3771,0.0839,0.5683,0.1182,0.3135,0.7306,,threshold,robust,0.1974,0.089,0.1997,0.0832,478470.1631,0.2049,0.8615,0.1514,0.0315,362665.4496,0.1991,0.8415,2,0.2698,0.2334
48,Lagoa do Tocantins,Muito Alta,Muito Alta,TO,False,83296.9992,50624.3489,76644.6824,0.6227,0.2728,0.1045,6652.3168,0.438,0.4891,0.0729,4450.7131,0.5268,0.3669,0.1062,0.608,0.1019,0.2901,0.845,,robust,robust,0.2108,0.0708,0.2304,0.1268,134366.1286,0.2209,0.8579,0.1134,0.0317,66179.0935,0.2682,0.7786,2,0.2698,0.2334
49,Ipucas,Muito Alta,Muito Alta,TO,False,51038.0383,74431.2877,50999.5631,0.0678,0.3042,0.628,38.4752,0.0913,0.7513,0.1574,39924.5729,0.2135,0.4009,0.3855,0.0679,0.6276,0.3045,0.2397,robust,,,0.0237,0.5899,0.0357,0.0291,12737.6181,0.0402,0.9488,0.0199,0.0062,7131.5663,0.0245,0.9176,2,0.2698,0.2334
5,Lagoa do Caju,Alta,Alta,PI,False,2683.5889,20691.5772,2675.1145,0.0029,0.0476,0.9495,8.4743,0.0,0.0,1.0,240.7737,0.0382,0.1297,0.8322,0.0029,0.9497,0.0475,0.2629,robust,,,0.0011,0.9311,0.0061,0.0001,114.0985,,,0.0007,0.0,12.9354,,,3,0.4229,0.3217
50,Pium,Muito Alta,Extremamente Alta,TO,False,104108.5451,41981.7589,99465.1606,0.1013,0.2109,0.6878,4643.3845,0.3553,0.2442,0.4005,4123.4851,0.4638,0.3043,0.2319,0.1126,0.675,0.2124,0.2068,robust,,,0.0479,0.5801,0.0223,0.0092,16207.1712,0.0674,0.9561,0.0112,0.0037,8152.28,0.0697,0.9568,2,0.2698,0.2334
51,Entorno ESEC Serra Geral do Tocantins,Alta,Alta,TO,False,66620.03,2580.7169,29066.8436,0.5489,0.4197,0.0314,37553.1863,0.2773,0.6568,0.0659,10230.6806,0.5019,0.4072,0.0909,0.3958,0.0508,0.5533,0.518,,threshold,threshold,0.0158,0.0411,0.1748,0.0063,81533.1259,0.3553,0.584,0.193,0.0108,90092.8413,0.3801,0.5081,2,0.2698,0.2334
52,Rio Galhão,Alta,Alta,"TO, BA",False,79812.3839,2551.9699,36906.0826,0.3309,0.6383,0.0308,42906.3013,0.1243,0.7941,0.0816,2554.3454,0.2696,0.5558,0.1746,0.2198,0.0581,0.7221,0.4986,,threshold,,0.0106,0.043,0.1254,0.0042,71208.5719,0.3561,0.5593,0.1816,0.017,101643.5403,0.2737,0.8083,2,0.2698,0.2334
53,Rio Sapão,Extremamente Alta,Extremamente Alta,BA,False,493700.8779,15307.9874,469956.5466,0.1392,0.7326,0.1282,23744.3313,0.1652,0.7944,0.0404,19360.3108,0.2075,0.482,0.3105,0.1405,0.124,0.7356,0.6366,,,robust,0.0063,0.1042,0.1267,0.004,448176.4581,0.17,0.8243,0.1413,0.0066,495425.993,0.1068,0.907,2,0.2698,0.2334
54,Buritirama,Alta,Muito Alta,BA,False,289034.6151,29521.9553,289031.978,0.0026,0.1643,0.8331,2.6371,0.0,0.0667,0.9333,0.0,,,,0.0026,0.8331,0.1643,0.0283,robust,,,0.0003,0.8221,0.0079,0.0003,17121.5008,0.0153,0.676,0.0143,0.0003,30453.8504,0.0049,0.781,2,0.2698,0.2334
55,Porto Nacional,Alta,Muito Alta,TO,False,65897.5942,49526.8295,65775.7476,0.2855,0.2941,0.4204,121.8466,0.4389,0.3644,0.1966,4319.657,0.0602,0.2135,0.7263,0.2858,0.42,0.2942,0.3942,,threshold,,0.1928,0.3681,0.0882,0.0402,40683.7995,0.182,0.8069,0.0719,0.0559,33160.4855,0.1552,0.9164,2,0.2698,0.2334
56,Formosa do Rio Preto,Muito Alta,Extremamente Alta,BA,False,764612.4848,38423.417,764550.4677,0.0609,0.4742,0.4648,62.0171,0.0028,0.0934,0.9038,220.1969,0.0,0.2734,0.7266,0.0609,0.4649,0.4742,0.2983,,,,0.0083,0.4241,0.0496,0.0052,270947.6449,0.0455,0.8176,0.0564,0.0094,303525.2882,0.0351,0.8996,2,0.2698,0.2334
58,Almas,Extremamente Alta,Muito Alta,TO,False,54711.1532,21057.0532,51455.5626,0.4217,0.3808,0.1975,3255.5906,0.2227,0.5512,0.2261,1403.3339,0.4533,0.3375,0.2091,0.4098,0.1992,0.3909,0.4274,,threshold,,0.1503,0.1689,0.1489,0.0285,57041.1721,0.2624,0.8478,0.1401,0.0469,53666.5772,0.2865,0.881,2,0.2698,0.2334
59,Rio Bagagem,Extremamente Alta,Extremamente Alta,TO,False,59930.4171,21481.4359,57612.0655,0.5078,0.3147,0.1775,2318.3516,0.4179,0.4138,0.1683,686.2911,0.5504,0.3103,0.1393,0.5044,0.1771,0.3185,0.6113,,robust,robust,0.3104,0.1568,0.2174,0.1331,91211.1352,0.3329,0.821,0.1896,0.1041,79528.1986,0.4034,0.731,2,0.2698,0.2334
6,Lagoa Alegre,Alta,Alta,PI,False,2006.1234,75041.1146,2006.1234,0.0031,0.0265,0.9704,0.0,,,,25.9444,0.0,0.0,1.0,0.0031,0.9704,0.0265,0.2506,robust,,,0.0,0.964,0.0026,0.0,37.1743,,,0.0011,0.0004,14.9753,,,3,0.4229,0.3217
60,Aurora do Tocantins,Muito Alta,Alta,TO,False,292594.9006,91143.4362,202283.6128,0.2223,0.5072,0.2704,90311.2877,0.1723,0.6558,0.1719,24696.1687,0.1873,0.5453,0.2674,0.2069,0.24,0.5531,0.6281,,threshold,robust,0.0148,0.2263,0.1022,0.0037,209619.1544,0.3025,0.7564,0.1699,0.0165,348180.8667,0.2961,0.8119,1,0.2951,0.2147
62,Córrego São Felipe,Alta,Muito Alta,TO,False,5889.4389,4619.5775,5776.8925,0.0538,0.33,0.6162,112.5465,0.2251,0.264,0.5109,853.4012,0.0499,0.3366,0.6134,0.0571,0.6142,0.3287,0.2265,robust,,,0.018,0.5334,0.0298,0.0016,1227.3089,0.0968,0.9141,0.003,0.0011,122.6604,,,2,0.2698,0.2334
63,Rio São Valério,Alta,Muito Alta,TO,False,148280.0601,67726.7947,148259.9317,0.1545,0.3841,0.4614,20.1284,0.2261,0.3348,0.4392,3428.4168,0.0301,0.2034,0.7665,0.1545,0.4614,0.3841,0.3497,,,,0.044,0.4124,0.069,0.0168,71622.8078,0.0641,0.7744,0.0632,0.006,65644.4168,0.0899,0.8423,2,0.2698,0.2334
64,Rio Sao Francisco 2,Alta,Alta,BA,False,24716.6786,263.2876,24710.0291,0.0306,0.3493,0.6201,6.6495,0.0,0.7105,0.2895,0.0,,,,0.0306,0.62,0.3494,0.002,robust,,small,0.0001,0.5941,0.0284,0.0001,4913.5491,0.0008,0.5152,0.0536,0.001,9322.3137,0.0684,0.9645,2,0.2698,0.2334
65,Rio de Janeiro,Extremamente Alta,Muito Alta,BA,False,131603.2519,6338.9817,130410.8605,0.0868,0.5857,0.3274,1192.3914,0.4075,0.5533,0.0391,4927.7171,0.0559,0.701,0.2432,0.0897,0.3248,0.5855,0.5529,,,robust,0.0063,0.2947,0.0719,0.0014,67426.7583,0.1191,0.8849,0.0701,0.0017,65495.9578,0.0695,0.8944,2,0.2698,0.2334
66,Cotegipe,Muito Alta,Muito Alta,BA,False,117006.7009,141.7817,117006.7009,0.0673,0.7296,0.2031,0.0,,,,0.7005,0.0,0.125,0.875,0.0673,0.2031,0.7296,0.0395,,,small,0.0018,0.1488,0.0784,0.0001,64180.8061,0.0038,0.9438,0.0314,0.0007,25792.2505,0.0341,0.9888,2,0.2698,0.2334
67,Entorno PE Araguaia,Alta,Alta,MT,False,30747.791,21694.7532,27899.4449,0.217,0.5175,0.2654,2848.3462,0.5476,0.3513,0.1011,43967.5468,0.7697,0.1528,0.0775,0.2477,0.2502,0.5021,0.4525,,threshold,,0.1054,0.2336,0.1361,0.1208,29966.3412,0.0557,0.6706,0.1193,0.0645,25737.324,0.0743,0.6243,1,0.2951,0.2147
68,Rio Cristalino,Muito Alta,Muito Alta,"MT, GO, TO",False,199661.9499,205871.5492,193187.0928,0.1899,0.3575,0.4527,6474.8571,0.6406,0.2601,0.0993,497750.3983,0.7354,0.115,0.1496,0.2045,0.4412,0.3543,0.1689,,threshold,,0.0546,0.4057,0.0931,0.0435,130220.7574,0.0308,0.2657,0.0937,0.0259,131236.1373,0.0412,0.441,1,0.2951,0.2147
69,Rio Tocantins,Alta,Alta,"TO, GO",False,129151.1062,82536.1821,128928.8498,0.2136,0.3903,0.3961,222.2564,0.5904,0.2475,0.1621,2117.8819,0.1893,0.3105,0.5002,0.2143,0.3957,0.3901,0.5513,,threshold,robust,0.0278,0.3579,0.0855,0.0047,77260.6712,0.1765,0.6356,0.1055,0.0051,95405.0333,0.135,0.7715,1,0.2951,0.2147
7,Codó,Alta,Alta,MA,False,6.7732,24193.8836,0.0,,,,6.7732,0.0,0.2237,0.7763,0.0,,,,0.0,0.7763,0.2237,0.4594,small,small,,0.0,0.5395,0.0,0.0,0.0,,,0.0564,0.0,2.6739,,,3,0.4229,0.3217
70,Rio Ponte Alta,Extremamente Alta,Extremamente Alta,TO,False,120581.5784,41880.4577,116528.6633,0.0229,0.3471,0.63,4052.9151,0.013,0.4785,0.5085,2907.6023,0.0768,0.4602,0.463,0.0226,0.6259,0.3515,0.3445,robust,,,0.0017,0.5973,0.027,0.0004,22780.784,0.1294,0.3585,0.0239,0.0018,20213.8199,0.1941,0.7125,1,0.2951,0.2147
71,Rio Santa Tereza,Alta,Muito Alta,"TO, GO",False,32473.5421,38187.7618,32386.4779,0.0098,0.1284,0.8618,87.0642,0.0,0.0761,0.9239,3151.5974,0.0133,0.1654,0.8213,0.0098,0.8619,0.1283,0.1683,robust,,,0.002,0.8415,0.0183,0.0002,4163.9259,0.0094,0.6257,0.0029,0.0001,664.7728,,,1,0.2951,0.2147
72,Rio Murere,Alta,Alta,MT,False,37963.0849,32979.0434,36956.6409,0.2301,0.5575,0.2124,1006.444,0.552,0.2004,0.2476,30909.1825,0.9026,0.0884,0.009,0.2386,0.2133,0.5481,0.582,,threshold,robust,0.1241,0.1917,0.1283,0.1232,34375.279,0.0335,0.4563,0.08,0.0403,21371.2362,0.0237,0.4185,1,0.2951,0.2147
73,Cristópolis,Muito Alta,Muito Alta,BA,False,155220.0495,20889.0286,155066.3329,0.0129,0.4233,0.5637,153.7167,0.0,0.8032,0.1968,86.8213,0.0,0.57,0.43,0.0129,0.5634,0.4237,0.0851,robust,,,0.0001,0.5256,0.0402,0.0001,45760.7203,0.0501,0.2032,0.0211,0.0002,23070.2716,0.0468,0.2871,1,0.2951,0.2147
74,Rio Papagaio,Muito Alta,Alta,MT,False,95902.5032,151274.9288,92683.6961,0.0007,0.0948,0.9045,3218.8071,0.0,0.2754,0.7246,1624.2064,0.0001,0.0387,0.9612,0.0007,0.8985,0.1008,0.0089,robust,,,0.0,0.8606,0.0037,0.0,2527.8121,0.2333,0.7614,0.0067,0.0,4527.2628,0.051,0.5074,1,0.2951,0.2147
75,Rio de Ondas,Extremamente Alta,Extremamente Alta,BA,False,116604.0578,6480.221,116140.7935,0.1302,0.5368,0.333,463.2643,0.3466,0.5276,0.1258,4789.5624,0.1276,0.6523,0.2201,0.1311,0.3322,0.5368,0.2871,,,,0.0007,0.274,0.0668,0.0007,58709.454,0.1335,0.3933,0.0453,0.0003,37615.2644,0.0347,0.2409,1,0.2951,0.2147
76,Muquem de São Francisco,Alta,Alta,BA,False,59188.0131,1840.3114,59188.0131,0.0016,0.3541,0.6443,0.0,,,,0.0,,,,0.0016,0.6443,0.3541,0.1283,robust,,,0.0,0.6323,0.0323,0.0005,13692.7547,0.0005,0.3396,0.0352,0.0003,15378.8402,0.0167,0.3599,1,0.2951,0.2147
77,Rio do Fogo,Muito Alta,Extremamente Alta,TO,False,27625.2222,9309.3337,27604.073,0.0255,0.2046,0.7699,21.1492,0.1777,0.7148,0.1075,9095.0264,0.3212,0.4438,0.235,0.0256,0.7694,0.205,0.2075,robust,,,0.0147,0.7534,0.0072,0.0,1394.7519,0.2786,0.5944,0.0033,0.0003,629.2368,,,1,0.2951,0.2147
78,Conceição do Tocantins,Extremamente Alta,Extremamente Alta,TO,False,210705.5831,54014.1864,210668.1722,0.0838,0.3938,0.5225,37.4109,0.0607,0.5234,0.4159,64.7594,0.0121,0.1538,0.8341,0.0837,0.5225,0.3938,0.3464,threshold,,,0.0175,0.4959,0.0466,0.0021,68672.2772,0.1068,0.4461,0.051,0.0125,75266.1546,0.1497,0.4748,1,0.2951,0.2147
79,São Desidério,Muito Alta,Muito Alta,BA,False,225610.7993,6035.3562,224690.7917,0.0557,0.4615,0.4827,920.0076,0.1042,0.4452,0.4506,7080.7962,0.133,0.5444,0.3226,0.0559,0.4826,0.4615,0.2607,,,,0.0005,0.426,0.0499,0.0007,81956.7129,0.1686,0.4961,0.0449,0.0005,71320.4927,0.0578,0.2869,1,0.2951,0.2147
8,Teresina Timon I,Alta,Alta,"PI, MA",False,8601.5342,117920.0394,8342.082,0.0191,0.2521,0.7288,259.4523,0.1174,0.232,0.6506,21.467,0.0083,0.2697,0.722,0.0221,0.7265,0.2515,0.3057,robust,,,0.0069,0.6975,0.0373,0.0071,2250.9816,0.0489,0.812,0.0256,0.0092,1543.0152,0.0544,0.6125,3,0.4229,0.3217
80,Rio Sao Francisco 1,Alta,Alta,BA,False,80813.6751,388.2529,80813.6751,0.008,0.1126,0.8794,0.0,,,,0.0,,,,0.008,0.8794,0.1126,0.0081,robust,,small,0.0007,0.7963,0.0075,0.0002,4278.8228,0.0388,0.0961,0.0137,0.0021,7753.8087,0.0205,0.2427,1,0.2951,0.2147
82,Baianópolis,Muito Alta,Alta,BA,False,38542.9436,319.0343,38513.6871,0.0532,0.6474,0.2994,29.2565,0.597,0.3284,0.0746,117.1324,0.0984,0.5384,0.3632,0.0536,0.2992,0.6471,0.1073,,,small,0.0007,0.2679,0.0626,0.0003,17533.1651,0.1029,0.3099,0.0484,0.0002,13139.9754,0.1006,0.2803,1,0.2951,0.2147
83,Serra de Caldas,Extremamente Alta,Extremamente Alta,"TO, GO",False,479527.7112,144417.2042,472367.7245,0.2105,0.4174,0.3721,7159.9868,0.4024,0.5349,0.0627,872.6393,0.3459,0.3625,0.2916,0.2134,0.3674,0.4191,0.4772,,threshold,,0.0352,0.3514,0.0864,0.0121,289986.4974,0.1709,0.5344,0.1136,0.0168,381221.9572,0.1529,0.6235,1,0.2951,0.2147
84,Araguaaçu,Extremamente Alta,Muito Alta,"GO, TO",False,39400.0963,24221.8503,39290.4125,0.0152,0.1017,0.883,109.6838,0.0048,0.0946,0.9007,244.4081,0.0132,0.0485,0.9383,0.0152,0.8831,0.1017,0.1658,robust,,,0.0007,0.8716,0.0075,0.0008,2075.3273,0.1315,0.411,0.0125,0.0003,3459.1218,0.0141,0.9065,1,0.2951,0.2147
85,Ribeirao Cascalheira,Muito Alta,Extremamente Alta,MT,False,17942.3523,6656.8009,15579.0996,0.2554,0.2604,0.4841,2363.2527,0.8515,0.0931,0.0554,19723.688,0.9756,0.0163,0.008,0.334,0.4277,0.2384,0.1957,,threshold,,0.1566,0.4257,0.1814,0.1819,22774.5994,0.1884,0.7849,0.1492,0.12,18743.2596,0.0744,0.5254,1,0.2951,0.2147
86,Rio Cravari,Muito Alta,Alta,MT,False,3235.7752,11698.6964,3235.6881,0.0,0.0006,0.9994,0.0871,0.0,0.0,1.0,230.8065,0.0,0.0,1.0,0.0,0.9994,0.0006,0.0019,robust,,,0.0,0.9626,0.0,0.0,0.0,,,0.0001,0.0,1.9137,,,1,0.2951,0.2147
87,Rio Teles Pires,Extremamente Alta,Extremamente Alta,MT,False,213607.5834,159788.8473,206222.8162,0.069,0.2734,0.6576,7384.7672,0.3402,0.469,0.1907,9053.4251,0.0335,0.2927,0.6738,0.0784,0.6414,0.2802,0.0493,robust,,,0.0041,0.571,0.0299,0.0016,44663.0647,0.1863,0.5971,0.0142,0.0021,21275.4802,0.151,0.8101,1,0.2951,0.2147
88,Rio do Sangue,Muito Alta,Alta,MT,False,1484.7786,1846.2908,1484.7786,0.0,0.0694,0.9306,0.0,,,,93.2681,0.0,0.0149,0.9851,0.0,0.9306,0.0694,0.0016,robust,,,0.0,0.9305,0.0,0.0,0.0,,,0.011,0.0,114.3552,,,1,0.2951,0.2147
89,Correntina,Extremamente Alta,Extremamente Alta,BA,False,480551.2038,7961.8329,471747.4133,0.0139,0.5543,0.4318,8803.7906,0.0197,0.6296,0.3507,20740.9438,0.0897,0.597,0.3133,0.014,0.4303,0.5557,0.359,,,,0.0001,0.3749,0.0489,0.0007,189605.8047,0.0452,0.1955,0.0288,0.0001,99030.3236,0.1177,0.3742,1,0.2951,0.2147
9,Matões,Alta,Muito Alta,MA,False,3223.6122,150710.044,701.1078,0.3486,0.5376,0.1139,2522.5044,0.3443,0.5127,0.143,0.0,,,,0.3452,0.1367,0.5181,0.7683,,threshold,robust,0.1507,0.104,0.2552,0.3129,6406.5878,0.0901,0.5385,0.0797,0.0563,1815.2816,0.1687,0.7368,3,0.4229,0.3217
90,Serra da Prata,Muito Alta,Alta,"GO, TO",False,152445.6619,74393.9893,149600.0628,0.1929,0.4584,0.3487,2845.5992,0.371,0.4528,0.1762,239.495,0.3134,0.4009,0.2857,0.1962,0.3455,0.4583,0.6258,,,robust,0.0317,0.3299,0.0878,0.0046,93718.8096,0.0771,0.3485,0.1007,0.0018,107476.2343,0.1956,0.5686,1,0.2951,0.2147
91,São Domingos,Alta,Alta,"GO, BA",False,41632.5248,12552.7982,34219.7284,0.0981,0.3758,0.5261,7412.7964,0.0699,0.6268,0.3034,3126.828,0.1132,0.6188,0.268,0.093,0.4864,0.4205,0.2643,,,,0.0013,0.4744,0.0457,0.0004,13323.8278,0.3058,0.7251,0.0951,0.0014,27725.0009,0.1974,0.406,1,0.2951,0.2147
92,Rio Mutum,Muito Alta,Alta,BA,False,27598.3152,6569.7845,27597.7924,0.0,0.4534,0.5466,0.5228,0.0,1.0,0.0,0.0,,,,0.0,0.5466,0.4534,0.6324,robust,,threshold,0.0,0.5205,0.0476,0.0,9739.7751,0.0006,0.0241,0.0086,0.0,1700.6239,0.0013,0.0017,1,0.2951,0.2147
94,Santa Maria da Vitória,Alta,Alta,BA,False,11910.2175,1385.7225,11910.2175,0.0012,0.0111,0.9877,0.0,,,,0.0,,,,0.0012,0.9877,0.0111,0.0025,robust,,,0.0,0.9453,0.0003,0.0,26.0408,,,0.0,0.0,0.2612,,,1,0.2951,0.2147
95,Rio Ronuro,Muito Alta,Alta,MT,False,154807.9057,107122.4349,148622.8244,0.0718,0.4933,0.4348,6185.0814,0.3162,0.4562,0.2276,4660.6127,0.0099,0.3078,0.6823,0.0816,0.4266,0.4918,0.257,,,,0.0182,0.3975,0.0511,0.011,55382.0373,0.2085,0.719,0.0623,0.0166,67593.5612,0.0844,0.661,1,0.2951,0.2147
96,Rio Sete de Setembro,Muito Alta,Extremamente Alta,MT,False,13848.8073,7105.5752,13834.8185,0.0027,0.0389,0.9584,13.9888,0.0,0.6771,0.3229,633.0032,0.0,0.0831,0.9169,0.0027,0.9577,0.0396,0.0443,robust,,,0.0026,0.9463,0.0016,0.0,151.0526,,,0.0043,0.0,414.3097,,,1,0.2951,0.2147
97,Rio Arinos,Muito Alta,Muito Alta,MT,False,73425.9495,240335.7593,68404.4152,0.0138,0.1633,0.823,5021.5343,0.13,0.3061,0.5639,2822.8521,0.012,0.1624,0.8256,0.0217,0.8052,0.173,0.0394,robust,,,0.0046,0.7459,0.0072,0.0003,3712.0836,0.1217,0.6317,0.0098,0.0005,5065.1764,0.0766,0.7391,1,0.2951,0.2147
98,Rio Claro,Muito Alta,Alta,MT,False,3087.0277,48638.735,2728.6229,0.0003,0.2051,0.7946,358.4048,0.1456,0.1136,0.7407,96.3728,0.0009,0.036,0.9631,0.0172,0.7884,0.1944,0.1426,robust,,,0.0059,0.7421,0.0079,0.0012,190.1608,,,0.0362,0.0181,786.3703,,,1,0.2951,0.2147
99,Entorno TI Areões I,Muito Alta,Alta,MT,False,28681.3565,17379.5596,26408.7322,0.1076,0.3402,0.5522,2272.6243,0.0627,0.1909,0.7465,18763.1584,0.3502,0.2287,0.4211,0.1041,0.5676,0.3283,0.107,threshold,,,0.0403,0.447,0.0445,0.0081,8924.0033,0.2111,0.742,0.0446,0.0228,8970.1076,0.208,0.6936,1,0.2951,0.2147
AMZ_CerraPant001,,Muito Alta,Alta,MT,True,15418.3175,18958.001,10921.1804,0.0108,0.2542,0.735,4497.1371,0.0661,0.2406,0.6933,596.2353,0.0357,0.2651,0.6992,0.0269,0.7228,0.2502,0.2659,robust,,,0.0166,0.6071,0.0153,0.008,1653.5582,0.0691,0.3954,0.0163,0.0002,1762.4019,0.0282,0.7729,1,0.2951,0.2147
AMZ_CerraPant002,,Extremamente Alta,Extremamente Alta,MT,True,1914.0207,10609.0122,1905.9887,0.0,0.0049,0.9951,8.0321,0.0,0.5652,0.4348,33.6155,0.0,0.1143,0.8857,0.0,0.9928,0.0072,0.0041,robust,,,0.0,0.988,0.0,0.0,0.0,,,0.0004,0.0,5.8491,,,1,0.2951,0.2147
AMZ_CerraPant004,,Extremamente Alta,Extremamente Alta,MT,True,22379.2265,4748.8677,20489.6627,0.0489,0.7799,0.1712,1889.5638,0.0465,0.5924,0.3611,21.4882,0.0,0.6049,0.3951,0.0487,0.1872,0.7641,0.1475,,,,0.0024,0.1462,0.0636,0.0004,9963.5781,0.3018,0.953,0.0374,0.0012,5973.2355,0.1883,0.5139,1,0.2951,0.2147
AMZ_CerraPant005,,Extremamente Alta,Extremamente Alta,MT,True,11446.6213,3385.9786,10343.7896,0.0034,0.288,0.7086,1102.8318,0.014,0.8946,0.0914,0.4339,0.0,1.0,0.0,0.0044,0.6491,0.3465,0.001,robust,,,0.0,0.6449,0.0006,0.0,50.8616,,,0.0173,0.0,1385.1783,0.0106,0.9969,1,0.2951,0.2147
AMZ_CerraPant008,,Alta,Alta,TO,True,3651.1872,1047.7865,2627.9456,0.109,0.1682,0.7228,1023.2416,0.5768,0.1148,0.3085,0.0,,,,0.2401,0.6067,0.1532,0.3605,robust,threshold,,0.1482,0.5108,0.0216,0.011,550.7842,,,0.0117,0.0,300.1923,,,2,0.2698,0.2334
AMZ_CerraPant009,,Extremamente Alta,Extremamente Alta,MT,True,4346.5973,9660.0086,4099.661,0.0002,0.0131,0.9867,246.9364,0.0056,0.0429,0.9515,516.0636,0.0,0.1846,0.8154,0.0005,0.9847,0.0148,0.0118,robust,,,0.0003,0.9724,0.0006,0.0,17.0131,,,0.0001,0.0,2.4314,,,1,0.2951,0.2147
AMZ_CerraPant010,,Muito Alta,Alta,MT,True,10072.1247,4581.0365,10068.4773,0.0037,0.1251,0.8713,3.6474,0.0,0.6427,0.3573,10.5981,0.0,0.0,1.0,0.0037,0.8711,0.1252,0.007,robust,,,0.0,0.6754,0.0184,0.0,1298.422,0.0026,0.004,0.0,0.0,0.0,,,1,0.2951,0.2147
AMZ_CerraPant011,,Alta,Muito Alta,MT,True,7120.4163,9925.2984,7075.5979,0.0,0.0054,0.9946,44.8184,0.0,0.0,1.0,1165.7562,0.0,0.0097,0.9903,0.0,0.9946,0.0054,0.0292,robust,,,0.0,0.9533,0.0001,0.0001,2.5223,,,0.0004,0.0,18.2606,,,1,0.2951,0.2147
AMZ_CerraPant012,,Extremamente Alta,Extremamente Alta,MT,True,2625.7609,13026.3277,2461.7007,0.0,0.0132,0.9868,164.0602,0.0005,0.0021,0.9973,51.0537,0.0,0.0732,0.9268,0.0,0.9874,0.0125,0.0567,robust,,,0.0,0.9769,0.0,0.0,0.2611,,,0.0,0.0,0.0,,,1,0.2951,0.2147
AMZ_CerraPant013,,Extremamente Alta,Extremamente Alta,MT,True,693.9166,15637.5001,689.1232,0.0,0.0004,0.9996,4.7935,0.0,0.0,1.0,42.9544,0.0,0.0,1.0,0.0,0.9996,0.0004,0.0132,small,small,,0.0,0.9986,0.0,0.0,0.0,,,0.0,0.0,0.0,,,1,0.2951,0.2147
AMZ_CerraPant014,,Extremamente Alta,Extremamente Alta,MT,True,4949.9382,4084.1855,4641.4784,0.6384,0.2891,0.0725,308.4598,0.9636,0.0341,0.0023,6110.2887,0.9877,0.0098,0.0024,0.6586,0.0681,0.2733,0.4857,,robust,,0.4157,0.0665,0.3654,0.511,12648.4251,0.0321,0.9947,0.2785,0.2891,9669.2619,0.2849,0.9843,2,0.2698,0.2334
AMZ_CerraPant015,,Extremamente Alta,Extremamente Alta,MT,True,2329.7571,2712.2169,2284.797,0.5102,0.3981,0.0917,44.9601,0.8535,0.1465,0.0,14651.4408,0.8369,0.159,0.0041,0.5168,0.09,0.3932,0.4524,,robust,,0.2857,0.0771,0.1613,0.1742,2631.3416,0.1703,0.8764,0.2571,0.2841,4194.3944,0.1042,0.9522,2,0.2698,0.2334
AMZ_CerraPant016,,Muito Alta,Muito Alta,MT,True,1.496,3852.954,0.0,,,,1.496,0.0,1.0,0.0,4.4886,0.4706,0.0196,0.5098,0.0,0.0,1.0,0.726,small,small,robust,0.0,0.0,0.1681,0.1765,1.76,,,0.0,0.0,0.0,,,2,0.2698,0.2334
AMZ_CerraPant017,,Extremamente Alta,Extremamente Alta,MT,True,6128.3831,5017.3861,5704.0954,0.5025,0.3755,0.122,424.2877,0.6698,0.3229,0.0072,8029.8123,0.946,0.0501,0.0039,0.5141,0.114,0.3719,0.2022,,threshold,,0.118,0.1065,0.2221,0.0914,9530.1863,0.094,0.9648,0.1662,0.0467,7131.8801,0.2426,0.9687,2,0.2698,0.2334
AMZ_CerraPant018,,Alta,Alta,MT,True,379.3608,410.1849,291.6556,0.1613,0.4485,0.3901,87.7051,0.2853,0.3033,0.4114,236.9561,0.6788,0.2846,0.0367,0.19,0.395,0.415,0.1141,small,small,small,0.0708,0.389,0.1455,0.0942,386.8191,,,0.0588,0.0252,156.2751,,,2,0.2698,0.2334
AMZ_CerraPant019,,Alta,Alta,MT,True,19167.9019,17280.9787,15893.1902,0.0421,0.5388,0.4191,3274.7118,0.0275,0.5329,0.4395,2049.7002,0.1084,0.6105,0.2811,0.0396,0.4226,0.5378,0.8661,,,robust,0.0092,0.1655,0.0024,0.0001,326.6542,,,0.0668,0.0052,8987.6299,0.4646,0.8661,1,0.2951,0.2147
AMZ_CerraPant020,,Alta,Alta,MT,True,11383.7636,4334.785,11207.4938,0.0414,0.2987,0.6598,176.2698,0.1189,0.5703,0.3108,276.4662,0.0119,0.1022,0.8858,0.0426,0.6544,0.3029,0.2489,robust,,,0.0005,0.5725,0.0243,0.0007,1936.8131,0.0084,0.7065,0.0021,0.0,168.2908,,,1,0.2951,0.2147
AMZ_CerraPant022,,Muito Alta,Alta,MT,True,13.2191,635.7799,13.2191,0.0,0.4671,0.5329,0.0,,,,0.0,,,,0.0,0.5329,0.4671,0.1707,small,small,small,0.0,0.5329,0.0,0.0,0.0,,,0.0,0.0,0.0,,,1,0.2951,0.2147
AMZ_CerraPant023,,Muito Alta,Alta,MT,True,61087.0572,6675.3837,42481.8314,0.3809,0.3266,0.2925,18605.2258,0.9065,0.0698,0.0237,2746.0457,0.0922,0.3458,0.5619,0.541,0.2106,0.2484,0.2317,,robust,,0.4387,0.1756,0.3217,0.3864,137659.6029,0.4462,0.9461,0.3678,0.4021,157306.7208,0.4598,0.9452,1,0.2951,0.2147
AMZ_CerraPant024,,Extremamente Alta,Extremamente Alta,MT,True,50.5764,13534.4757,0.0,,,,50.5764,0.0555,0.1196,0.825,0.0,,,,0.0555,0.825,0.1196,0.0416,small,small,,0.0104,0.6967,0.0012,0.0,0.4382,,,0.0035,0.0,1.2272,,,2,0.2698,0.2334
AMZ_CerraPant025,,Extremamente Alta,Extremamente Alta,MT,True,5132.4239,1132.5329,5074.7009,0.3429,0.3627,0.2944,57.7231,0.6284,0.3127,0.0589,662.9461,0.8941,0.0934,0.0125,0.3461,0.2917,0.3622,0.3875,,threshold,,0.0456,0.2912,0.1805,0.0693,6483.9133,0.042,0.7392,0.0936,0.0071,3365.4714,0.0155,0.7981,1,0.2951,0.2147
AMZ_CerraPant026,,Extremamente Alta,Extremamente Alta,MT,True,4468.9917,20198.9542,4327.6744,0.0456,0.7186,0.2357,141.3173,0.3026,0.677,0.0204,3359.7408,0.6018,0.3693,0.0289,0.0538,0.2289,0.7173,0.4299,,,,0.0073,0.1635,0.0378,0.0012,1181.1676,0.0088,0.3344,0.0236,0.0,737.7084,,,1,0.2951,0.2147
AMZ_CerraPant027,,Extremamente Alta,Extremamente Alta,MT,True,5743.1805,6472.1313,5668.8445,0.0709,0.7838,0.1453,74.336,0.6127,0.3005,0.0869,2417.2732,0.8155,0.181,0.0035,0.0779,0.1446,0.7775,0.1968,,,,0.0089,0.1414,0.0703,0.0128,2831.9507,0.0006,0.4364,0.0377,0.0,1517.8026,0.0379,0.1098,1,0.2951,0.2147
AMZ_CerraPant028,,Muito Alta,Muito Alta,MT,True,1067.6122,3583.009,1067.6122,0.7862,0.1865,0.0273,0.0,,,,11357.439,0.9853,0.014,0.0007,0.7862,0.0273,0.1865,0.2688,,robust,,0.7457,0.0268,0.4317,0.7858,3226.5109,0.1298,0.9399,0.4228,0.6413,3159.5796,0.1393,0.9748,2,0.2698,0.2334
AMZ_CerraPant029,,Muito Alta,Alta,MT,True,12123.4775,31591.3319,11985.3616,0.0,0.6239,0.3761,138.1159,0.0353,0.6935,0.2712,393.0593,0.0,0.296,0.704,0.0004,0.3749,0.6247,0.1814,,,,0.0004,0.3625,0.0122,0.0001,1145.5731,0.0005,0.3442,0.0012,0.0008,104.8417,,,1,0.2951,0.2147
AMZ_CerraPant030,,Alta,Muito Alta,MT,True,14103.3797,7889.6076,13891.291,0.0481,0.5017,0.4503,212.0887,0.0357,0.5604,0.4039,813.7644,0.1585,0.4055,0.436,0.0479,0.4496,0.5026,0.424,,,,0.0018,0.3338,0.0527,0.0027,5207.6901,0.0331,0.6129,0.0285,0.0023,2810.5623,0.0172,0.1729,1,0.2951,0.2147
AMZ_CerraPant031,,Extremamente Alta,Extremamente Alta,MT,True,32076.5999,9599.1121,31663.2117,0.0,0.532,0.468,413.3882,0.0,0.5587,0.4413,113.4368,0.0,0.5153,0.4847,0.0,0.4676,0.5324,0.1815,,,,0.0,0.4666,0.0001,0.0,23.9475,,,0.0446,0.0,10099.7222,0.4541,0.8609,1,0.2951,0.2147
AMZ_CerraPant032,,Extremamente Alta,Extremamente Alta,MT,True,6588.3243,3321.6381,6587.1061,0.0009,0.0051,0.994,1.2181,0.0,0.0,1.0,665.06,0.0153,0.0428,0.9419,0.0009,0.994,0.0051,0.0701,robust,,,0.0,0.9886,0.0001,0.0,6.6987,,,0.0003,0.0,12.873,,,1,0.2951,0.2147
AMZ_CerraPant033,,Muito Alta,Muito Alta,TO,True,8826.4849,7615.8361,4528.019,0.2467,0.3035,0.4498,4298.4659,0.6049,0.1118,0.2833,15.8275,0.0615,0.4022,0.5363,0.4211,0.3687,0.2102,0.2232,,robust,,0.3468,0.2361,0.049,0.0268,3022.7831,0.388,0.5823,0.0308,0.0115,1902.744,0.4954,0.4173,2,0.2698,0.2334
AMZ_CerraPant034,,Extremamente Alta,Extremamente Alta,TO,True,21232.1951,11881.1439,13897.4366,0.0825,0.1884,0.7291,7334.7585,0.3014,0.198,0.5005,53.5983,0.0792,0.3533,0.5675,0.1581,0.6501,0.1917,0.2706,robust,,,0.1098,0.5385,0.0353,0.0202,5243.9336,0.3316,0.8171,0.0237,0.0098,3527.9925,0.4647,0.7786,2,0.2698,0.2334
AMZ_CerraPant035,,Extremamente Alta,Extremamente Alta,TO,True,4899.9687,2041.2386,2658.7688,0.1666,0.1936,0.6398,2241.1998,0.5698,0.172,0.2582,80.9566,0.4743,0.2306,0.295,0.351,0.4653,0.1837,0.249,,robust,,0.2709,0.3502,0.0675,0.026,2314.6927,0.5166,0.7422,0.0344,0.0081,1179.436,0.3013,0.6271,2,0.2698,0.2334
AMZ_CerraPant036,,Extremamente Alta,Extremamente Alta,TO,True,3490.8223,5956.5449,3490.8223,0.2469,0.4407,0.3124,0.0,,,,24.5506,0.2717,0.6268,0.1014,0.2469,0.3124,0.4407,0.1581,,threshold,,0.071,0.2491,0.1115,0.0512,2724.2058,0.4427,0.8003,0.056,0.013,1367.4173,0.6005,0.7273,3,0.4229,0.3217
AMZ_CerraPant037,,Muito Alta,Muito Alta,MT,True,3237.1709,17952.5394,3084.2403,0.0082,0.1519,0.8398,152.9306,0.0045,0.248,0.7475,3156.5013,0.1369,0.271,0.5921,0.008,0.8355,0.1565,0.3695,robust,,,0.0069,0.7842,0.0015,0.0,33.7237,,,0.0224,0.0045,509.2432,,,1,0.2951,0.2147
AMZ_CerraPant038,,Extremamente Alta,Extremamente Alta,TO,True,1872.1776,5962.3924,45.9666,0.0097,0.1081,0.8822,1826.2111,0.0613,0.2511,0.6877,57.5073,0.1759,0.0077,0.8164,0.06,0.6925,0.2475,0.4724,robust,,,0.0241,0.667,0.0106,0.0031,129.6192,,,0.026,0.0026,351.5063,,,3,0.4229,0.3217
AMZ_CerraPant039,,Extremamente Alta,Extremamente Alta,TO,True,1124.4862,23613.9203,868.118,0.1511,0.4286,0.4203,256.3681,0.1877,0.1126,0.6997,62.9501,0.0522,0.6587,0.2892,0.1594,0.484,0.3566,0.3043,,,,0.0305,0.4314,0.0447,0.0223,376.1669,,,0.0584,0.0182,460.6906,,,3,0.4229,0.3217
AMZ_CerraPant041,,Extremamente Alta,Extremamente Alta,TO,True,17646.1017,28586.073,17622.9388,0.4274,0.3532,0.2195,23.1629,0.2786,0.5076,0.2137,423.4887,0.2752,0.5187,0.2061,0.4272,0.2195,0.3534,0.7248,,threshold,robust,0.1353,0.1525,0.1656,0.0172,20554.386,0.1824,0.9026,0.0788,0.0047,10082.8213,0.1782,0.8837,2,0.2698,0.2334
AMZ_CerraPant042,,Extremamente Alta,Extremamente Alta,TO,True,64926.4266,21314.6429,64892.2754,0.5495,0.2604,0.1901,34.1512,0.3368,0.145,0.5182,2601.4544,0.272,0.3105,0.4175,0.5494,0.1902,0.2604,0.4498,,robust,,0.2759,0.1247,0.1521,0.0801,69154.4726,0.3583,0.855,0.1402,0.0856,63721.5154,0.2047,0.9067,2,0.2698,0.2334
AMZ_CerraPant043,,Extremamente Alta,Extremamente Alta,MT,True,459.7171,1533.3838,459.7171,0.0471,0.629,0.324,0.0,,,,0.0,,,,0.0471,0.324,0.629,0.194,small,small,,0.0,0.324,0.0759,0.0,244.3739,,,0.0947,0.0,304.8063,,,2,0.2698,0.2334
AMZ_CerraPant044,,Extremamente Alta,Extremamente Alta,MT,True,57.9926,12685.8325,43.6483,0.6956,0.2177,0.0867,14.3444,0.589,0.362,0.0491,10.6483,0.6281,0.3719,0.0,0.6692,0.0774,0.2534,0.7401,small,small,robust,0.6237,0.0759,0.2352,0.5782,99.5305,,,0.1032,0.1578,41.8888,,,2,0.2698,0.2334
AMZ_CerraPant045,,Extremamente Alta,Extremamente Alta,TO,True,5985.5973,3807.3456,5985.5973,0.1443,0.1579,0.6978,0.0,,,,7.293,0.0,0.1341,0.8659,0.1443,0.6978,0.1579,0.1479,threshold,,,0.0292,0.3506,0.0433,0.0018,1812.6249,0.7752,0.7343,0.0057,0.0,237.0788,,,3,0.4229,0.3217
AMZ_CerraPant046,,Muito Alta,Muito Alta,MT,True,11623.0871,36563.1396,11590.7492,0.0,0.0044,0.9956,32.3379,0.0,0.1505,0.8495,239.5074,0.0,0.0,1.0,0.0,0.9952,0.0048,0.0173,robust,,,0.0,0.9583,0.0001,0.0,4.9541,,,0.0004,0.0,30.0801,,,1,0.2951,0.2147
CAA_CerraPa001,,Extremamente Alta,Muito Alta,PI,True,713.3638,7997.9744,713.3638,0.0,0.1011,0.8989,0.0,,,,436.0837,0.002,0.1134,0.8846,0.0,0.8989,0.1011,0.2243,small,small,,0.0,0.8879,0.0196,0.0,98.0793,,,0.0014,0.0,7.2291,,,3,0.4229,0.3217
CAA_CerraPa002,,Muito Alta,Alta,MA,True,762.8732,2546.073,373.736,0.0002,0.3969,0.6029,389.1372,0.0053,0.2578,0.7369,0.0,,,,0.0028,0.6713,0.3259,0.408,small,small,,0.0,0.6464,0.0264,0.0,141.1057,,,0.0363,0.0032,194.0788,,,3,0.4229,0.3217
CAA_CerraPa003,,Extremamente Alta,Alta,PI,True,17616.3323,27768.5565,17613.5101,0.0164,0.6767,0.3069,2.8223,0.0,0.2187,0.7813,0.0,,,,0.0164,0.307,0.6767,0.0827,,,,0.0012,0.2776,0.0642,0.0099,9147.0203,0.0009,0.495,0.036,0.0029,4780.1219,0.0245,0.8082,2,0.2698,0.2334
CAA_CerraPa004,,Extremamente Alta,Extremamente Alta,MG,True,2861.8903,107.923,2861.8903,0.0,0.0173,0.9827,0.0,,,,0.0,,,,0.0,0.9827,0.0173,0.0,robust,,small,0.0,0.9809,0.0001,0.0,2.7584,,,0.0024,0.0,48.7036,,,1,0.2951,0.2147
CAA_CerraPa005,,Extremamente Alta,Alta,PI,True,569.96,11273.9454,562.2987,0.0,0.0108,0.9892,7.6613,0.0,0.4884,0.5116,11.1354,0.0,0.12,0.88,0.0,0.9828,0.0172,0.434,small,small,,0.0,0.9767,0.0023,0.0,8.9974,,,0.0005,0.0,1.9598,,,3,0.4229,0.3217
CAA_CerraPa006,,Extremamente Alta,Muito Alta,PI,True,3282.2351,1377.8446,3177.0884,0.0005,0.1768,0.8227,105.1467,0.0,0.0272,0.9728,1035.1815,0.0455,0.213,0.7415,0.0005,0.8275,0.172,0.3768,robust,,,0.0001,0.7904,0.0223,0.0,529.2037,,,0.0074,0.0,170.1189,,,3,0.4229,0.3217
CAA_CerraPa007,,Muito Alta,Extremamente Alta,BA,True,14096.2429,,14096.2429,0.0,0.0644,0.9356,0.0,,,,0.0,,,,0.0,0.9356,0.0644,,robust,,small,0.0,0.9267,0.0034,0.0,341.8475,,,0.0027,0.0,266.1145,,,2,0.2698,0.2334
CAA_CerraPa008,,Muito Alta,Alta,PI,True,334.9914,10737.7639,306.4065,0.0,0.1752,0.8248,28.5849,0.0,0.3583,0.6417,0.0,,,,0.0,0.8091,0.1909,0.2273,small,small,,0.0,0.8075,0.0232,0.0,54.4064,,,0.0041,0.0,9.5285,,,3,0.4229,0.3217
CerraPa_MA001,,Muito Alta,Muito Alta,SP,True,0.0833,1532.0761,0.0833,0.0,1.0,0.0,0.0,,,,209.8062,0.002,0.7271,0.2709,0.0,0.0,1.0,0.3194,small,small,,0.0,0.0,0.0,0.0,0.0,,,0.1429,0.0,0.0833,,,0,0.2192,0.4143
CerraPa_MA002,,Extremamente Alta,Muito Alta,SP,True,,2445.9311,0.0,,,,0.0,,,,131.6788,0.0,0.0,1.0,,,,0.0472,small,small,,,,,,,,,,,,,,0,0.2192,0.4143
CerraPa_MA003,,Extremamente Alta,Extremamente Alta,SP,True,,516.1596,0.0,,,,0.0,,,,112.0847,0.0,0.0,1.0,,,,0.0066,small,small,small,,,,,,,,,,,,,0,0.2192,0.4143
CerraPa_MA004,,Muito Alta,Alta,MG,True,29512.865,364.4599,29432.5631,0.0002,0.0431,0.9567,80.3019,0.0,0.0989,0.9011,0.0,,,,0.0002,0.9565,0.0433,0.0554,robust,,small,0.0,0.9214,0.0028,0.0011,646.8362,,,0.0012,0.0,302.7679,,,1,0.2951,0.2147
CerraPa_MA005,,Extremamente Alta,Muito Alta,SP,True,,1208.9328,0.0,,,,0.0,,,,889.1283,0.1623,0.1761,0.6616,,,,0.0334,small,small,,,,,,,,,,,,,,0,0.2192,0.4143
