unit,native_share_1985,native_share_2002,native_share_2009,native_share_2016,native_share_2025,net_pct_yr_1985-2002,net_pct_yr_2002-2009,net_pct_yr_2009-2016,net_pct_yr_2016-2025,NOME,Import_bio,Prior_acao,Acao1,Estados,is_hybrid
1,0.9876428466954199,0.9818200607161977,0.9475462706355642,0.8904163082375892,0.8419690135467742,-0.015921448614479992,-0.4996202842423113,-0.8187885227540801,-0.6175596685575978,Barreirinhas,Alta,Muito Alta,CAR - Boas praticas,MA,False
10,0.9982347133882064,0.9904229571945738,0.9891279202773025,0.9681391501709199,0.8978478070930632,-0.04461225097938507,-0.020835529174973683,-0.2997322582457646,-0.8067176766654804,Teresina Timon III,Alta,Alta,CAR - Boas praticas,MA,False
100,0.9972927379191183,0.9878071611330671,0.9799772350301809,0.9600087831082778,0.9166615338549683,-0.05786151991960498,-0.11067483775381662,-0.289232597732027,-0.5005628709109724,Rio Formiga,Muito Alta,Alta,corredor_mosaico,MT,False
101,0.9471286177203303,0.7350949314829645,0.6770058575788633,0.6548538625887039,0.6188824076539508,-1.3169067431362362,-1.1519348439859198,-0.4602129415588304,-0.6111603185448715,Rio Culuene,Muito Alta,Muito Alta,Criacao UC,MT,False
102,0.9946574018305064,0.9730683499017205,0.9579035921079319,0.9542176015011258,0.9395530086115703,-0.11717526260607815,-0.2209406588122837,-0.054135283763796185,-0.17197439517350815,Pouso Alto,Muito Alta,Muito Alta,Criacao UC,GO,False
103,0.993063560483097,0.8095615889981204,0.6367638470246325,0.5970051792739225,0.5553686378095771,-1.0765430048516096,-3.0404411148622894,-0.8888663853117198,-0.7834513615419018,Rio Curisevo,Alta,Alta,fomento ao uso sustentavel,MT,False
104,0.8274280880357652,0.8171963345900635,0.8350064489745104,0.819596760800182,0.7661879320094732,-0.07238305978692253,0.3108483566779809,-0.2632956036351386,-0.7235468398104554,São Felix do Coribe,Muito Alta,Alta,Criacao UCPI,BA,False
105,0.8586929408133724,0.8327708264270615,0.8685032218174094,0.8456905697349475,0.8338784843114547,-0.17722912401292312,0.6120136295245627,-0.3772798219022528,-0.15365838782344224,Riacho Pedra-Branca,Alta,Alta,Criacao UCPI,BA,False
106,0.9950107615786682,0.9938683979288753,0.9931810082436117,0.9825991464663975,0.9307095157610107,-0.003678399645457673,-0.009790825763540083,-0.15198645854745793,-0.5864049221063958,Jaborandi,Muito Alta,Muito Alta,Criacao UCPI,BA,False
107,0.8293941482761318,0.8353582581810706,0.8738817329391285,0.8392048856197544,0.7796607845647728,0.04320353376906962,0.6542870436522749,-0.5647424310508258,-0.7880198641781541,Riacho do Ramalho,Muito Alta,Alta,Criacao UCPI,BA,False
108,0.88447948397807,0.721059789912735,0.6546963670111435,0.614113732019491,0.5532856310659781,-1.0875169462165446,-1.342438577141493,-0.8854646734182696,-1.0986804662124947,Mambaí,Muito Alta,Muito Alta,corredor_mosaico,GO,False
109,0.9545233236583001,0.809044109766598,0.7725075423648176,0.7300561044360532,0.679780377259668,-1.4667978309850143,-0.7989521926709828,-0.4655371979005959,-1.1611738885514589,Rio Traíras,Muito Alta,Muito Alta,recuperacao,GO,False
11,0.998867815037039,0.9894028696526735,0.9809374392137058,0.9464641441869315,0.9149958961223981,-0.03893951551150139,-0.11540809696131296,-0.4719773477086472,-0.40006367036507323,Teresina Timon II,Alta,Alta,CAR - Boas praticas,PI,False
110,0.9850579292160444,0.9670267647194549,0.9544263881532276,0.9445874665043558,0.9291541920082224,-0.10287485826803949,-0.18558374936981092,-0.14688847275163205,-0.1824689631847503,Serra de São Bartolomeu,Muito Alta,Muito Alta,Criacao UCPI,GO,False
111,0.9763044264483183,0.9541602859471822,0.8825431519973109,0.7416535431488287,0.551885388584851,-0.1343229156529513,-1.0722423404744084,-2.2801434104053775,-2.843011833108016,Rio Arrojado,Extremamente Alta,Extremamente Alta,Criacao UCPI,BA,False
112,0.9949296108520078,0.993864286779615,0.9689985407743998,0.9347894733419684,0.724309938431456,-0.006275847799202767,-0.35739643857661024,-0.5039851408318656,-2.501938456999966,Rio Juina,Muito Alta,Muito Alta,Criacao UC,MT,False
113,0.7252594444710366,0.4856047793828813,0.44827570479758017,0.4209927790128416,0.41723380653243264,-1.9057479392687249,-1.0510848683294867,-0.8066439653482795,-0.09988285339768267,Rio Araguaia II,Muito Alta,Extremamente Alta,recuperacao,"GO, MT",False
114,0.9886778212506805,0.9446000857128751,0.9195500925755441,0.9152888862148344,0.8742545654560548,-0.25686454472326103,-0.3804395504161245,-0.06453851106387663,-0.4989862252472493,Entorno PN Chapada dos Veadeiros,Muito Alta,Muito Alta,CAR - Boas praticas,GO,False
115,0.9750991512942239,0.8846112285133317,0.8507573985756304,0.8162428104456747,0.7615985033246251,-1.0093618227349932,-0.6823128798141747,-0.21643776400348536,-1.1791236522897313,Niquelândia,Muito Alta,Extremamente Alta,CAR - Boas praticas,GO,False
116,0.8834356547283226,0.48758470127410647,0.3697363356807348,0.31639027248043794,0.30545686051658183,-2.6373499392489523,-3.452602738683922,-2.0605034884817304,-0.3874999784477485,Rio Areoes,Muito Alta,Muito Alta,recuperacao,MT,False
117,0.9054012913181638,0.5855541169638125,0.49263740294590175,0.44646521925465643,0.3990429556397184,-2.079013520577436,-2.2662401930065728,-1.33788551785456,-1.179837519679109,Entorno TI Marechal Rondon,Muito Alta,Alta,Criacao UC,MT,False
118,0.8037967309149053,0.7999132267475094,0.810350365539483,0.7771620352453263,0.7229003883798838,-0.018495394132593955,0.18461579474127188,-0.5616206639014568,-0.7638893765515508,Foz do Carinhanha,Extremamente Alta,Muito Alta,Criacao UC,"BA, MG",False
119,0.786726047228793,0.5748281213801756,0.5495329479864096,0.5095813988363121,0.4527107809449614,-1.9323861263916757,-0.8330872604259751,-0.5440095508913461,-1.7974007699770187,Uruaçu,Muito Alta,Muito Alta,recuperacao,GO,False
12,0.9996247905846338,0.993857979936418,0.9951317258542255,0.9827264753962072,0.8221595716955511,-0.031345162718894835,0.02200230143954191,-0.16871982459993726,-1.8032738457841306,Brejo do Itaperu,Alta,Alta,CAR - Boas praticas,"MA, PI",False
120,0.812130181789076,0.5671127468547119,0.4904375020810228,0.4353581503333362,0.4177485399040652,-1.7604296009093554,-1.933393996003268,-1.5914532303805604,-0.4487719363550833,Rio Corrente,Muito Alta,Muito Alta,fomento ao uso sustentavel,"GO, MG",False
121,0.8809003067402414,0.8041003813098337,0.8072846360843409,0.7988278289919303,0.7859889233796885,-0.4601750252455748,0.08381289468124553,-0.19731349820611815,-0.15819875776108797,Lagoas do Rio São Francisco,Muito Alta,Alta,Criacao UCPI,BA,False
122,0.9739122778856748,0.9089472729543961,0.8757861160439525,0.7493027208929105,0.6448213811296903,-0.3922606619821754,-0.5211862416030015,-2.063181422853652,-1.549383392768866,Coribe,Muito Alta,Alta,Criacao UCPI,BA,False
123,0.9958938168869214,0.9802088808590076,0.9717624946160849,0.9517990416083132,0.9398056180444557,-0.0866744822175048,-0.12749570897939552,-0.2924534486866724,-0.14091918542937787,Entorno TI Areões II,Muito Alta,Alta,recuperacao,MT,False
124,0.9846328395447939,0.9595976049267025,0.8812111786059792,0.8006111683556376,0.6091690217755535,-0.14810307571519105,-1.1668990130469878,-1.30664331822732,-2.659106176674695,Entorno RVS Veredas,Extremamente Alta,Muito Alta,Criacao UCPI,BA,False
125,0.8837552779109646,0.9209353175659242,0.9174480131919708,0.8596935925140075,0.8387353663639583,0.2499263419153643,-0.0535782122768534,-0.8937050528276995,-0.27067770171363226,Cocos,Extremamente Alta,Muito Alta,Criacao UCPI,BA,False
126,0.936357057331365,0.7663196688936652,0.7175646374246467,0.694401832789598,0.6416765095034415,-1.0675123941805764,-0.9044996738311686,-0.455294361234967,-0.8415703911611752,Rio Cuiabá,Extremamente Alta,Extremamente Alta,Criacao UC,MT,False
127,0.8929180470929964,0.6897946012080854,0.6536266615903025,0.612728471450436,0.5793647417098492,-1.336316507883435,-0.7393402000696714,-0.8853359637701683,-0.6105029504582693,Nascentes do Rio Paraguai,Extremamente Alta,Extremamente Alta,recuperacao,MT,False
128,0.936114055626413,0.7881068774700285,0.7466055442044305,0.7048355154625484,0.6543199023304607,-0.9477219672377835,-0.885664876280642,-0.7918374102951138,-0.8052408268931092,Rio Paranã,Muito Alta,Extremamente Alta,CAR - Boas praticas,GO,False
129,0.993818641682917,0.99123335403781,0.9743855372588635,0.9643789021315151,0.9263236491503198,-0.0095313795787905,-0.24288213294936878,-0.14349900392715473,-0.4387357718527718,Cabeceiras do rio Jauru,Extremamente Alta,Extremamente Alta,Criacao UC,MT,False
13,0.9533007337065827,0.8265253696593031,0.7562036234385596,0.6668313252455763,0.5522715789388917,-0.7827284740800685,-1.2157442432562877,-1.6908698063079375,-1.909410169199155,Sao Bento do Tocantins,Alta,Alta,Criacao UC,TO,False
130,0.992384151816832,0.9921546675272617,0.9912874396792146,0.9728611304792553,0.9103579893703861,0.009177433356685912,-0.008693777019375126,-0.2553890164949462,-0.7145752749563379,Carinhana,Extremamente Alta,Extremamente Alta,Criacao UCPI,"MG, BA",False
131,0.9994934873161054,0.9895373146066203,0.992065141733727,0.9962820107052303,0.9909517243984732,-0.00949614391265207,0.0828874841554837,0.08740373100059833,-0.1164218847463156,Entorno TI Areões III,Muito Alta,Alta,recuperacao,MT,False
132,0.9982074551635882,0.9936391358764292,0.9860017418272259,0.9650006472699167,0.7714532134852794,-0.024618283159143623,-0.10993204575605597,-0.3032331781980289,-2.2274213334136594,Rio Formoso,Extremamente Alta,Muito Alta,Criacao UCPI,BA,False
133,0.896185424513579,0.5672644582238889,0.5141387070827645,0.506202165692435,0.48601675433144076,-2.1617395528097867,-1.3252740932606724,-0.20538072323738849,-0.4463983210452259,Nova Xavantina,Muito Alta,Alta,recuperacao,MT,False
134,0.9371504919264146,0.7117441001839149,0.672730287243189,0.6546884058541932,0.6081942968409795,-1.5618383965195377,-0.8068648390321715,-0.3788538523375446,-0.7835692357106941,Rio Manso,Extremamente Alta,Extremamente Alta,corredor_mosaico,MT,False
135,0.7116281643423713,0.640354731752524,0.6575578475679678,0.699780989820828,0.6608169104451433,-0.5913991597144916,0.38004625515068685,0.9202619463597017,-0.6184488783095904,Iuiú,Muito Alta,Alta,CAR - Boas praticas,BA,False
136,0.7847576906905355,0.6449579460118268,0.6343724680023056,0.5550010139407229,0.4943717332739973,-1.0432574310722413,-0.23411699194692787,-1.7875453543317117,-1.2162658758031983,Crixás,Extremamente Alta,Extremamente Alta,recuperacao,GO,False
137,0.9087472519628699,0.6686938245422971,0.60260183639855,0.5833501771694956,0.5722938255761826,-1.5538898164035864,-1.4104368979312285,-0.45411950020615477,-0.21397316723797472,Rio dos Cavalos,Extremamente Alta,Extremamente Alta,fomento ao uso sustentavel,MT,False
138,0.7878429420737755,0.47213537888417284,0.44071430020803243,0.437918305065639,0.42962489459304576,-2.354906825294499,-0.9459203049410962,-0.08623483404326551,-0.21468646498425825,Rio Pindaíba,Muito Alta,Muito Alta,recuperacao,MT,False
139,0.9295113631610344,0.7725336907082022,0.7288099859032966,0.6911738335446861,0.6441641944211896,-0.9879620751854967,-0.8108971824414881,-0.7275519048772328,-0.7676697438699216,Formoso,Muito Alta,Extremamente Alta,compensacao,MG,False
14,0.9935091031804067,0.9651752171872217,0.9336816902933511,0.8857716491059314,0.7832941189779715,-0.1670211870058192,-0.4652271286773162,-0.7319128857259938,-1.2856730513053016,Entorno TI Bacuruzinho,Extremamente Alta,Muito Alta,Criacao UC,MA,False
140,0.7943526588549983,0.5005047984911625,0.4574390014136108,0.43089181453230396,0.4095737747203375,-2.139671436160043,-1.2252837539864931,-0.8341387807430387,-0.5524211816943205,Entorno TI Sangradouro / Volta Grande,Muito Alta,Muito Alta,recuperacao,MT,False
141,0.4622361898476791,0.42415716438014855,0.4493955724326762,0.44605012731828203,0.44325162674352536,-0.48598246986236454,0.8685625434458055,-0.11265725225815418,-0.07404823725357791,Rio Sucuru,Alta,Alta,CAR - Boas praticas,"MG, BA",False
142,0.8219599066559603,0.6775368199441734,0.660131261560246,0.6409891737350467,0.5916646992253634,-1.0259650654993164,-0.3718447293426043,-0.41181408227757443,-0.8635498088037997,Rio Maranhão,Muito Alta,Alta,Criacao UC,GO,False
143,0.7880845083874918,0.7130631870577592,0.7077863282292798,0.6701186436624655,0.6538021012917745,-0.5384319774986167,-0.10968207504016439,-0.7296651891173773,-0.2851784357667012,Jaiba,Muito Alta,Alta,CAR - Boas praticas,"MG, BA",False
144,0.8466255651863398,0.6438609181756123,0.5926843862703096,0.5626817542299475,0.5177716046586468,-1.4074371085922055,-1.1412238594225783,-0.7201527960765309,-0.8935671711147274,Rio Cana Brava,Alta,Muito Alta,recuperacao,GO,False
145,0.9913704367001261,0.9864673873309076,0.982054636416189,0.9719989838114739,0.9573871852363683,-0.0023242324619542148,-0.059672972501697716,-0.14233599429960117,-0.16694826090687398,Peruacu,Extremamente Alta,Muito Alta,Criacao UCPI,MG,False
146,0.8531875324948296,0.7775762388365436,0.7240884934350893,0.7089914098513692,0.6725871018290951,-0.5116689867448,-0.9836357645073781,-0.29549130697183695,-0.5793717890870526,Chapada da Contagem,Extremamente Alta,Extremamente Alta,Criacao UC,"DF, GO",False
147,0.9717592492972483,0.9608450303237484,0.9481022362950536,0.9229981485254204,0.8819694473340589,-0.04855589432198097,-0.19179779227534524,-0.36404586655578125,-0.49630554907531915,Pandeiros Conchá e Gibão,Extremamente Alta,Extremamente Alta,Criacao UCPI,MG,False
148,0.9908342969235672,0.9927756603681072,0.9700383480343927,0.9788817147225962,0.9929549050466622,0.011949144549438418,-0.3279349674929615,0.1302358763922738,0.15953968573425323,Cavernas peruacu,Extremamente Alta,Muito Alta,Criacao UCPI,MG,False
149,0.860633570500046,0.714998022284673,0.7046086873692596,0.6697834691056086,0.6441772949634859,-0.9933228754352541,-0.20042303722874427,-0.7030783974942311,-0.4337454151565291,Rio Jaguara,Muito Alta,Muito Alta,corredor_mosaico,MT,False
15,1.0,0.9998331222657802,0.9970884698577261,0.9680988222447182,0.8589514066900069,-0.0005007705295747959,-0.03909701917428819,-0.41537026102180474,-1.2527120515518655,Entorno TI Kanela - TI Porquinhos,Muito Alta,Alta,CAR - Boas praticas,MA,False
150,0.9306277065805645,0.7283482778045715,0.6689306001352777,0.6255813602811616,0.5320223697646232,-1.3737806448760803,-0.8602471154028664,-0.9582850631898978,-1.6255858651902981,Rio Coxipó,Muito Alta,Muito Alta,recuperacao,MT,False
151,0.9518304757926487,0.6390452994612397,0.5848824961043148,0.5239281323585737,0.47986350695702534,-1.927654834958125,-1.208828219849908,-1.4861701418620674,-0.9352354438459893,Entorno TI Merure,Extremamente Alta,Muito Alta,corredor_mosaico,MT,False
152,0.9251672584150473,0.8759949347956827,0.8556655272929213,0.8337896694130742,0.7493136425990742,-0.3014842661532572,-0.32795426222578566,-0.3627938088187986,-1.1385250327397112,Montezuma,Muito Alta,Alta,Criacao UCUS,MG,False
153,0.9473565020089934,0.7942986494963806,0.7471398286616188,0.7331207995391441,0.7023967884531974,-0.6031343210471235,-0.760174582081368,-0.4110212440663389,-0.2604617169580023,Corrego Sangradouro,Muito Alta,Muito Alta,corredor_mosaico,MT,False
154,0.9708137055414061,0.649440514258431,0.6433732484330462,0.6407798518877594,0.6466564672555013,-1.9743736190686256,-0.06195156007711779,-0.12765032589136288,0.1694525486350888,Rio Paraguai,Alta,Alta,fomento ao uso sustentavel,MT,False
155,0.9435632862734208,0.7106459158186491,0.6610489755566337,0.6414371507388604,0.5929196660958481,-1.4598462162428387,-1.0009444724295546,-0.42603322470855365,-0.8390102042932248,Rio Aricá-Açu,Muito Alta,Muito Alta,fomento ao uso sustentavel,MT,False
156,0.7887719250056703,0.5327623306414128,0.4950808577084249,0.4748283626476847,0.4340836340207385,-1.9076327775571085,-0.9992844173127355,-0.5782129108274628,-0.9535804463490869,Rio Prata,Extremamente Alta,Extremamente Alta,Criacao UCPI,MT,False
157,0.7704555278346623,0.4301154000121768,0.40558565460022505,0.4045620245743291,0.3723056565756454,-2.5951169305018587,-0.8543550889878635,-0.03346558973451914,-0.8860567052510087,Rio Areial,Extremamente Alta,Extremamente Alta,recuperacao,MT,False
158,0.7111011170893206,0.5960999946622839,0.5818050643149505,0.5649092054385167,0.5261918134736008,-0.9442220032851935,-0.3420770778434501,-0.4128502792863793,-0.7664371022034383,Pirenópolis,Extremamente Alta,Extremamente Alta,Criacao UC,GO,False
159,0.743575059677341,0.6004322286791387,0.5566280133633432,0.5425594913580211,0.4992932523924359,-1.127904735814724,-1.073695885724186,-0.3575482708638262,-0.896426221291555,Rio São Bartolomeu,Extremamente Alta,Extremamente Alta,CAR - Boas praticas,"DF, GO",False
16,0.9993950965878439,0.9695311151651335,0.9536380289041564,0.9308719839518854,0.7510834934838596,-0.17088289267370652,-0.23264868817803713,-0.34069758938091327,-2.1462740670107165,Rio Itapicuru,Muito Alta,Extremamente Alta,CAR - Boas praticas,MA,False
160,0.9748744087774008,0.9487364175180919,0.9497321757597774,0.9197053370441565,0.9086119746605625,-0.15653864241229218,0.014776033001414772,-0.4481836278044041,-0.13477257972343498,Rio Urucuia,Muito Alta,Alta,Criacao UC,MG,False
161,0.9524252134454235,0.731665936887139,0.6938194503472344,0.678358238320294,0.6372802804663298,-1.4088905244069876,-0.6900181550260668,-0.1450583855981989,-0.3112810645639557,Rio Cuiabá-Mirim,Muito Alta,Muito Alta,fomento ao uso sustentavel,MT,False
162,0.5642611676144416,0.2741907174976697,0.24706695341888582,0.25384525400198604,0.24440058119250666,-3.041567637373531,-1.363690583770029,0.38329851813198196,-0.4018510091725479,Ribeirão Barreiro,Muito Alta,Extremamente Alta,CAR - Boas praticas,GO,False
163,0.6614826444922403,0.6220242839673294,0.6557634205259149,0.6222977206781314,0.6171452530941575,-0.35004843272307196,0.7741789957198827,-0.7289710255903208,-0.09343252489800971,Riacho Sao Felipe,Extremamente Alta,Muito Alta,fomento ao uso sustentavel,MG,False
164,0.9060368064442833,0.8500598485477325,0.8552784945018626,0.8478136925628406,0.8424832110614942,-0.346574124899758,-0.06472628735249485,-0.10738914325393312,-0.06641837349429988,Formosa,Muito Alta,Muito Alta,CAR - Boas praticas,"DF, GO",False
165,0.7903467706833519,0.5213711105237205,0.47406457637936156,0.4549281052520573,0.441981316774372,-1.9996711733770762,-1.2904408507652414,-0.5695905010450015,-0.31646899942601536,Barra do Garças,Muito Alta,Extremamente Alta,recuperacao,"MT, GO",False
166,0.4213664627882815,0.290538641992114,0.2690002629801555,0.2628469508209442,0.2458711358707787,-1.8181538141279912,-1.0531582778707391,-0.3126752799405489,-0.7181837464510005,Rio do Cervo,Muito Alta,Extremamente Alta,recuperacao,GO,False
167,0.5869445218509096,0.5838639934377617,0.5698918556675315,0.5514002771096296,0.5490668695501827,-0.01136834927806513,-0.34346085664029063,-0.45951649364132574,-0.05520800007942577,Verdelandia,Muito Alta,Alta,recuperacao,MG,False
168,0.9465949897498765,0.8431291120919531,0.8225652227930308,0.8110748069954525,0.7897427663805235,0.02733728274740375,-0.19014638487659466,-0.3055587120659675,0.1434337918642608,Rio Bento Gomes,Muito Alta,Muito Alta,Criacao UCPI,MT,False
169,0.9652401388695472,0.7489576958899891,0.7094126017793934,0.686401440753812,0.6700062741490913,-1.2776237335273666,-0.8201014794225223,-0.49242022062572066,-0.2074975590991568,Ribeirão Mutum,Muito Alta,Extremamente Alta,recuperacao,MT,False
17,0.3762414401042571,0.21188237225056844,0.24310307469279493,0.26671819226174004,0.22530066998655482,-2.569730827589781,2.104591031340321,1.389355023321613,-1.7259433641413011,Aragominas,Alta,Alta,CAR - Boas praticas,TO,False
170,0.8064409190194054,0.6954318267417917,0.7045424195546433,0.6685507662140866,0.5989975122705803,-0.8028285128772517,0.1854726550922939,-0.7220484730294701,-1.1586379518855279,Rio Macaubas,Muito Alta,Alta,fomento ao uso sustentavel,MG,False
172,0.873892505762669,0.43314069298297264,0.3875584989660862,0.3938127610035781,0.3811757916691739,-2.9656996018496193,-1.4826854448591966,0.22244063578009676,-0.3693093981521721,Rio Aguapei,Alta,Alta,fomento ao uso sustentavel,MT,False
173,0.9178136816443866,0.7813222497614628,0.730220895285312,0.6756660223277686,0.636127739467149,-0.8469036050978752,-0.9426791527390868,-1.0477491846537361,-0.6531883083292161,São Romão,Muito Alta,Extremamente Alta,CAR - Boas praticas,MG,False
174,0.8731667353547486,0.6851611019311958,0.6557770908099027,0.6432642895386486,0.595355864338091,-1.2685781836009147,-0.6438571745826833,-0.2735676328662641,-0.8428282931105991,Santuario São Miguel,Muito Alta,Muito Alta,Criacao UCPI,MG,False
175,0.45154370233516705,0.33415801944829127,0.3146230255343498,0.2963859157654466,0.28260883996907754,-1.52886625324289,-0.843608052692232,-0.8295556334716268,-0.5239389733362108,Entorno PE Serra Dourada,Muito Alta,Muito Alta,CAR - Boas praticas,GO,False
176,0.695891324414042,0.5071962881910289,0.4606047547028924,0.4455400933173863,0.4162534405437023,-1.5879184916862603,-2.204783057798251,-0.48306582098946527,-0.7399391804248189,Rio Corumbá,Extremamente Alta,Extremamente Alta,CAR - Boas praticas,"DF, GO",False
177,0.4904754496357441,0.3460990645343752,0.31118363692769724,0.293645297365573,0.2755321507149937,-1.7233335917080368,-1.4577769307667885,-0.8679913944689319,-0.6756669327556055,Rio Caiapó,Extremamente Alta,Muito Alta,recuperacao,GO,False
178,0.5504142753688369,0.4581739701171136,0.42934477793854037,0.40573886128755937,0.3824871763442244,-0.9834996736281403,-0.9027379140895384,-0.7808750898288649,-0.6457601428724511,Montes Claros,Muito Alta,Extremamente Alta,recuperacao,MG,False
179,0.6190962984101862,0.39708626630489907,0.36734242694072,0.3428516997390439,0.3168687971017559,-2.1050258209999657,-1.0697275905965618,-0.9477465926969091,-0.8458756560765335,Piranhas,Muito Alta,Extremamente Alta,recuperacao,GO,False
18,0.9091539678876855,0.7921187487387699,0.7270261500220024,0.6896728795589168,0.6202058575865232,-0.7543003602956985,-1.1758638894856732,-1.2850599114350032,-1.1086757433320857,Entorno PN Chapada das Mesas,Alta,Muito Alta,fomento ao uso sustentavel,"TO, MA",False
180,0.9983724357825373,0.9772092714628114,0.9708621815159179,0.9628424070131998,0.9397017831193973,-0.1401283644042677,-0.17549154838647654,-0.028924737493210957,0.010415209292381612,Rio Piraim,Muito Alta,Muito Alta,fomento ao uso sustentavel,MT,False
181,0.8500176391806761,0.8168615140158995,0.8378133100248091,0.7831904591799967,0.818912056953628,-0.22792092774004338,0.3659820436621291,-0.9506895330441991,0.5026817365130418,Riacho dos Machados,Muito Alta,Alta,Criacao UCUS,MG,False
182,0.9996034707426157,0.9906452541800042,0.9921005213391918,0.992226929237928,0.9852788940671514,3.9605703174925275,1.3376592956918414,-0.45220844888958267,-0.011291839699433136,Corixo do Guirá,Muito Alta,Muito Alta,corredor_mosaico,MT,False
183,0.3421922250667503,0.2312437358645222,0.2233725757786112,0.21898334633217031,0.20692505647992135,-1.901342441981723,-0.4864782681622747,-0.29850144242192156,-0.6214196946665201,Rio da Meia Ponte,Extremamente Alta,Muito Alta,CAR - Boas praticas,GO,False
184,0.6681617238991993,0.48134082388228844,0.47287425159181723,0.4597644290725547,0.42968111853537705,-1.6367356038967238,-0.3256133841303394,-0.4634544056840907,-0.7367925955418488,Unaí,Muito Alta,Muito Alta,recuperacao,MG,False
185,0.9958779402190427,0.9539034430545451,0.9310991244577755,0.9260117038999652,0.9024516798041567,0.783279189649918,0.4772088519128438,-0.8983948169484572,0.7674073564795448,Vazante do Inhatium,Muito Alta,Extremamente Alta,corredor_mosaico,MT,False
186,0.8354596747515802,0.6917404665000306,0.6268489206981044,0.5707695516842727,0.5256917999629629,-1.0089329812885728,-1.3418008914588044,-1.2750476774356145,-0.8800457311497416,Rio Paracatu 2,Muito Alta,Alta,fomento ao uso sustentavel,MG,False
187,0.8790382058833005,0.8418666780313749,0.8584254919964398,0.8283287092571605,0.7902978922399962,-0.24908653272951312,0.28017752354993725,-0.5010202702812843,-0.5116549480816228,Ribeirão Ticororó,Muito Alta,Alta,Criacao UCPI,MG,False
188,0.7771647913769529,0.6114773519453329,0.5801856673867943,0.5640009205233736,0.4938025743093372,-1.2502690810634618,-0.733973915899333,-0.3935997632037954,-1.3942239965387238,Bonfinópolis,Muito Alta,Extremamente Alta,fomento ao uso sustentavel,MG,False
189,0.9652672587067058,0.8882957132636288,0.8716712458283051,0.8672953538064536,0.8538228787243546,-0.4635661050583341,-0.07143870627269415,0.004581650785165766,-0.20138867283429926,Rio São Lourenço,Muito Alta,Muito Alta,fomento ao uso sustentavel,"MT, MS",False
19,0.9839611701721206,0.9636449220211849,0.9442273995926848,0.9159353415863021,0.7947589113181006,-0.11810331315494198,-0.2859137360321681,-0.4240167547745255,-1.4732298035778073,Rio das Balsas,Muito Alta,Extremamente Alta,Criacao UC,MA,False
190,0.7909941775282529,0.5205679265530999,0.4705881207868074,0.4322341293151776,0.37653579635415074,-2.0097416392726384,-1.3710658475661062,-1.1601063513680272,-1.4297991961689893,Doverlândia,Muito Alta,Muito Alta,fomento ao uso sustentavel,GO,False
191,0.2914619003877433,0.20486352420976686,0.2006228890906543,0.19500244108825257,0.18333981962322224,-1.7351099997305017,-0.2922261494034977,-0.38390927388995966,-0.6679350278167646,Rio dos Bois,Muito Alta,Extremamente Alta,Criacao UC,GO,False
192,0.5812854638448395,0.33761546553662175,0.3177474170768777,0.3159204321466121,0.30774919241998655,-2.4640469920781007,-0.8399623685401005,-0.08201070744780255,-0.28766059300634106,Ribeirão Ponte de Pedra,Extremamente Alta,Extremamente Alta,recuperacao,MT,False
193,0.5453377917559526,0.34441447480922893,0.306848942721198,0.2990880646264885,0.27874552135864533,-2.166219907632677,-1.5622184729675057,-0.365353677916063,-0.7686841543630986,Rio Piracanjuba,Muito Alta,Extremamente Alta,CAR - Boas praticas,GO,False
194,0.8424741573777146,0.8101430553870355,0.8110899484807803,0.7840265359861248,0.717325287538772,-0.22848691283164718,0.01669752983980897,-0.4791361172310985,-0.9554081984748978,Cavernas de Unaí,Alta,Alta,CAR - Boas praticas,MG,False
195,0.9758661249735775,0.823117520006573,0.7632445617294488,0.7164299048008722,0.6791107769690997,-0.8668758738933953,-0.8985117483002998,-0.8790912522657466,-0.5101433306620644,Córrego Pindaival,Muito Alta,Extremamente Alta,Criacao UCUS,MT,False
196,0.6993727892557429,0.4397229389838226,0.41639030096864055,0.41216168204229847,0.3709720102050703,-2.186651711835201,-0.7646377886776167,-0.1412249631948256,-1.125046795371618,Unaí II,Muito Alta,Muito Alta,Criacao UCPI,MG,False
197,0.8508550490579998,0.6871384431718164,0.6248498689267116,0.5801770971823365,0.5285669930105626,-1.1208583024576044,-1.2986514677665397,-1.0251730364878189,-1.1003360991566267,Cristalina,Extremamente Alta,Extremamente Alta,CAR - Boas praticas,GO,False
198,0.27643376125905345,0.1727278083081852,0.17005420137032354,0.16480434124030588,0.15018838681981683,-2.18732839332216,-0.2247915993204413,-0.42353509094508823,-0.9900525597242119,Rio Turvo - GO,Muito Alta,Extremamente Alta,CAR - Boas praticas,GO,False
199,0.785073034496464,0.4876622340350243,0.45751654846956813,0.4382066273092084,0.40496846436267886,-2.2224648751857035,-0.8636750579559007,-0.5914203433806949,-0.8369970060861351,Alto Araguaia,Muito Alta,Extremamente Alta,Criacao UC,"GO, MT",False
2,0.9860537907803757,0.9677515307674307,0.9301277128330914,0.8901686474305579,0.7739704764110702,-0.10256328656966796,-0.554438748133563,-0.6049578926192607,-1.4579171706300509,Chapadinha,Alta,Muito Alta,CAR - Boas praticas,MA,False
20,0.9963689118541867,0.924931719191479,0.8648057398715356,0.7928393084937573,0.6612241965151745,-0.421086607747063,-0.9282904981901985,-1.1883534977252348,-1.8450971240134346,Rio Parnaiba - Balsas,Alta,Muito Alta,CAR - Boas praticas,MA,False
200,0.7274790491608472,0.5618410336540471,0.5202347618484742,0.4943910847869079,0.4535697677797958,-1.3347788253439903,-1.057460498398691,-0.7041123434483043,-0.9164861384038036,Caiapônia,Muito Alta,Muito Alta,Criacao UC,GO,False
201,0.8278548027464944,0.7079146534905543,0.6564830317710423,0.6401822486619818,0.6060071066995141,-0.8701475971537828,-1.05925624715795,-0.41635468023772304,-0.5719669259699616,São Pedro,Alta,Alta,Criacao UCPI,MG,False
202,0.8589781187828082,0.7106292147766932,0.6469937796268541,0.5682873541515457,0.5170168377627015,-1.0150611626323829,-1.279838763323482,-1.7381792419304314,-1.0042708446688,Riacho do Bano,Muito Alta,Muito Alta,recuperacao,MG,False
203,0.6910082470822702,0.5293792709990223,0.4755820002017954,0.4471099777804591,0.41898195655714043,-1.4167538845715832,-1.4489274767475904,-0.8281886478339797,-0.7152743647747811,Rio Corumbá II,Muito Alta,Muita Alta,recuperacao,GO,False
204,0.36543353211208324,0.22959221113722447,0.22007291570629955,0.21693965432712609,0.20305537226140127,-2.174966985186269,-0.5939333672691822,-0.19355321544330156,-0.7475183388033558,Rio Ponte de Pedra,Extremamente Alta,Extremamente Alta,CAR - Boas praticas,GO,False
205,0.9667538440814235,0.8194177012738189,0.7679813652211556,0.7567814236348575,0.7174832046584968,-0.8567275292967994,-0.6441721322351006,-0.23479427582923573,-0.4913430215564427,Rio Itiquira - Pantanal,Muito Alta,Muito Alta,corredor_mosaico,MT,False
206,0.8372285259265707,0.648882400332189,0.6246950530171343,0.6073505491384135,0.5730025269423049,-1.3070337668068481,-0.5060620964042727,-0.35720666852003813,-0.6141411794820615,Rio Itiquira,Extremamente Alta,Muito Alta,recuperacao,MT,False
207,0.6802798097316484,0.521160167317897,0.48311927784240255,0.467995015561469,0.4436946525663073,-1.3693340215601117,-1.0443035455020409,-0.43319592282711683,-0.5847979039720157,Santa Cruz de Goiás,Muito Alta,Alta,Criacao UC,GO,False
208,0.8945262173502997,0.7374633689669519,0.6759990661642851,0.6206753349826089,0.5220782882683875,-1.0124646267197988,-1.1917995371238101,-1.1521537866481182,-1.7696803128033567,João Pinheiro,Alta,Alta,recuperacao,MG,False
209,0.7450676339673648,0.5490831889793293,0.5200711379009729,0.4945922412091831,0.4610940017081406,-1.5356796785550308,-0.7591973206895308,-0.6787524525486937,-0.7692591893523683,Rio Paracatu,Alta,Alta,recuperacao,MG,False
21,0.8037052982975449,0.6315813038862592,0.552331582301506,0.4645392941000293,0.35784279019836507,-1.2598434151985263,-1.7934166351910856,-2.2671764764013798,-2.5547808063370856,Riacho Tucum,Alta,Muito Alta,CAR - Boas praticas,MA,False
210,0.6664562454377446,0.512748827015809,0.44447561257668744,0.4232783270891698,0.40170819666672747,-1.344947040774111,-1.9050069206931513,-0.6610006553375022,-0.5792784218349402,Jequitaí,Muito Alta,Extremamente Alta,Criacao UCPI,MG,False
211,0.7039776521211674,0.5282295985756956,0.47342111506529666,0.45503496629655554,0.4055125130976427,-1.4488901174923114,-1.4831545319233221,-0.5170904860815047,-1.2251804096071048,Rio das Velhas,Muito Alta,Extremamente Alta,recuperacao,MG,False
212,0.631272143754165,0.4992644363819316,0.4616932733538626,0.4217835727369925,0.388473951136909,-1.2227455032834433,-1.0853392680325782,-2.140859679417915,-0.8593212324612791,Rio São Marcos,Alta,Muito Alta,recuperacao,"GO, MG",False
213,0.36194563611237207,0.22545367699145694,0.2150524702009686,0.21400799207535598,0.2044523161122292,-2.2148689768788934,-0.6569227199831329,-0.06837998690131876,-0.4928912577746352,Jataí,Muito Alta,Extremamente Alta,CAR - Boas praticas,GO,False
214,0.6459532317846632,0.4417925058466785,0.4093336187709477,0.38843938192540484,0.3644503563667918,-1.8576242247655181,-1.0568929254893278,-0.7654667186405839,-0.6978018881402617,Rio Veríssimo,Alta,Muito Alta,Criacao UC,GO,False
215,0.898275598897787,0.8151382150626076,0.7918745498935806,0.7720416655780034,0.735414831960518,-0.5374154544276399,-0.4065998662671306,-0.35101871284277825,-0.5322889487488491,Buritizeiro,Muito Alta,Alta,Criacao UCPI,MG,False
216,0.8325302554097562,0.5494510586820365,0.5079476796420686,0.48266171723847606,0.44696757491609923,-1.9287206992013335,-0.9196445640879911,-0.8858918878332709,-0.8216723362262078,Rio Correntes,Extremamente Alta,Extremamente Alta,Criacao UCPI,"MS, MT",False
217,0.616542127090285,0.3816468010814915,0.375878469230188,0.39332007045131756,0.37306547038755794,-2.237944011122811,-0.20903480359403737,0.6710479467395019,-0.5699506466236144,Serranópolis,Muito Alta,Extremamente Alta,Criacao UC,GO,False
218,0.9015102565352953,0.8518810903416251,0.8342719090355409,0.8237924672889487,0.8106593059359748,-0.31743530660444175,-0.28023348030916345,-0.16857691553715526,-0.1777569136610535,Diamantina,Extremamente Alta,Extremamente Alta,fomento ao uso sustentavel,MG,False
219,0.8836785460495988,0.8359506493166443,0.8186245373960893,0.795224410445467,0.7484193840410781,-0.31630706557308746,-0.29613762225570833,-0.4074251349769369,-0.6561996723435073,Serra do Cabral,Extremamente Alta,Extremamente Alta,Criacao UCPI,MG,False
22,0.9991248029545761,0.9910153189209853,0.943672382953298,0.8179067779045933,0.7390157278795805,-0.046779526873334566,-0.6810949413446336,-1.9019441182285286,-1.0730399830854418,Riozinho,Extremamente Alta,Extremamente Alta,Criacao UC,PI,False
220,0.8261897996531123,0.4943573046607246,0.4433006520907251,0.43551337246101224,0.40095381512178835,-2.357873523956064,-1.4768107869429266,-0.2477705433793601,-0.8784651740755008,Alto Rio Taquari,Muito Alta,Extremamente Alta,corredor_mosaico,"MT, MS",False
221,0.6375580036473852,0.5192842969429612,0.5014386826056891,0.47474493129366774,0.45393607329089136,-1.0591714014553304,-0.5404999656394452,-0.605186732433205,-0.5945569559400238,Rio Borrachudo,Alta,Muito Alta,recuperacao,MG,False
222,0.6560200890124158,0.5683169472735323,0.5562123001599371,0.5055056352600739,0.45409018070844437,-0.7781712549901447,-0.3058601929609225,-1.3010737765474154,-1.1338004283112193,São Bartolomeu,Alta,Alta,recuperacao,MG,False
223,0.6076426297825686,0.4783217139501427,0.45182194641026957,0.44565802319872355,0.42312972490983336,-1.2507295451521583,-0.7940612447379582,-0.19215859705533317,-0.5663466384533461,Vazante,Alta,Alta,Criacao UCPI,"MG, GO",False
224,0.9821082515749179,0.9605313480876934,0.9642863180883957,0.9654331626030295,0.9666546769499239,1.909985160604984,1.9942514401437412,-0.6218228609303068,0.8844148413690744,Rio Paraguai - Corumbá,Alta,Alta,corredor_mosaico,MS,False
225,0.9992364565939724,0.9890206141036012,0.973700592766571,0.9642517531561514,0.9356793479171166,2.587991581214072,-0.22386255707507025,-0.2856032726292947,-0.26764493540891354,Vazante Santa Maria,Muito Alta,Extremamente Alta,Criacao UCPI,MS,False
226,0.40996934400594154,0.30078812439482566,0.30591530446996734,0.2993324869423982,0.29500431537214017,-1.5680781743071037,0.24688341988698326,-0.3074060906367193,-0.16138598905071203,Rio Doce,Muito Alta,Extremamente Alta,CAR - Boas praticas,GO,False
227,0.4087523330807071,0.2334362548569088,0.22750053346689103,0.2247073447989458,0.21497894549127325,-2.504231207429002,-0.4237554463899411,-0.183669723450397,-0.4790449605630156,Jacuba - Corrente,Muito Alta,Muito Alta,recuperacao,GO,False
228,0.7294912373713764,0.6813073647847382,0.6592161383658852,0.6391622380296192,0.608192917155909,-0.3834422277538509,-0.46113412523029396,-0.4294972247832628,-0.5413650810017618,Rio das Tabocas,Alta,Alta,Criacao UCPI,MG,False
229,0.874705034364971,0.7715221351125766,0.7646662554013824,0.7570413606369926,0.7218862451621318,-0.007812634285872044,1.0941264785972444,-0.07642533059366256,-0.35192633687786384,Rio Taquari,Extremamente Alta,Extremamente Alta,recuperacao,MS,False
23,0.9958732332482731,0.9913272707206088,0.985505797746237,0.9520570611137753,0.7907907122198232,-0.02660887986300519,-0.08368124655686435,-0.48429736181613436,-1.8830459910697674,Bertolinea,Muito Alta,Extremamente Alta,Criacao UC,PI,False
230,0.6267822385271279,0.5759370574577516,0.5884694277418879,0.5472050991891875,0.5014847885974641,-0.4624149220747766,0.3065006717570151,-0.9943525536967646,-0.9396132966499401,Presidente Olegário,Alta,Alta,Criacao UCPI,MG,False
231,0.455486215544705,0.24322785713769443,0.23700778549956536,0.2360564717397932,0.228220025743081,-2.7373581083914895,-0.37278719537854016,-0.05020338136124998,-0.3686390277800896,Rio da Prata,Muito Alta,Extremamente Alta,recuperacao,"MS, GO",False
232,0.6217457982367801,0.6240031640035719,0.6263436719013298,0.6080705210550889,0.6227674248802684,0.02381345739344271,0.0610820264693184,-0.41263891379199613,0.2520765097482311,Corinto,Muito Alta,Muito Alta,compensacao,MG,False
233,0.7952110019443474,0.3607460186709406,0.3252856208722517,0.3349296033091079,0.29501133580276406,-3.2099722036720277,-1.4006371032586713,0.42664791866506213,-1.323524237982058,Rio Jauru -MS,Muito Alta,Extremamente Alta,Criacao UCPI,MS,False
234,0.991988982677499,0.9665290593614289,0.9440692932080467,0.9236758471360033,0.8698643269904828,1.204877091870228,0.48344802910444007,-1.2732040015176551,-0.1347928123749953,Vazante Riozinho,Muito Alta,Extremamente Alta,Criacao UCPI,MS,False
235,0.5383987665352975,0.26670011901675533,0.23750421424317752,0.23235249612518058,0.2158811458686382,-2.9611162182415174,-1.6185394205149164,-0.2905589351205551,-0.7881537745248863,Três Lagoas,Extremamente Alta,Extremamente Alta,recuperacao,MS,False
236,0.6158600909758516,0.5488034337707963,0.5684241756260735,0.5507289201341792,0.5459641428892867,-0.5628276513652706,0.4313836569312153,-0.39305355306233436,-0.2525684596016986,Felixlândia,Muito Alta,Alta,Criacao UCUS,MG,False
237,0.839361747455289,0.8021311755325231,0.7935056705211192,0.7968067355852259,0.7724861799079767,-0.2593915336189839,-0.1488360698381208,0.06577890630529001,-0.3413959092697446,Mosaico Cipo Intendente,Extremamente Alta,Extremamente Alta,Criacao UCPI,MG,False
238,0.5634861604362075,0.4383211451871901,0.43001743223138006,0.43987000348379085,0.43202613942952967,-1.2925746165019736,-0.2654286113348884,0.3511586438129179,-0.21730634504266216,Carste Lagoa Santa,Extremamente Alta,Extremamente Alta,Criacao UCPI,MG,False
239,0.4491254554703809,0.29366079018981206,0.28127075033872845,0.28164495177864696,0.2609277721183387,-2.183002009605156,-0.688298294385324,0.2248297932526836,-0.903475958425664,Rio Araguari,Muito Alta,Extremamente Alta,recuperacao,MG,False
24,0.997919081249061,0.9789889322210209,0.9534918283467138,0.9134791483902268,0.7034501308390233,-0.10797401034845565,-0.3714452920416167,-0.5957117393153506,-2.5569841051539215,Rio Sucuriiju,Extremamente Alta,Extremamente Alta,Criacao UC,MA,False
240,0.6695691784654226,0.3886341782235114,0.35234279932496193,0.35772847720845197,0.3269169215119484,-2.460815167056116,-1.3340745828827716,0.21927770433566146,-0.9531386175024976,Rio Coxim,Alta,Muito Alta,recuperacao,MS,False
241,0.3527954376716526,0.22684855285930539,0.22269232630021962,0.2278715113465206,0.21876267347815143,-2.0962746964739627,-0.2599050138064385,0.33741152613607933,-0.4459794705044145,Ituiutaba,Muito Alta,Extremamente Alta,Criacao UCPI,MG,False
242,0.4965775359786091,0.3270769922137459,0.3292659562840232,0.3318343217451467,0.31204359867256026,-2.005224151455129,0.10130716927477326,0.11088828004007631,-0.6634606651562656,Córrego Fundo,Muito Alta,Extremamente Alta,Criacao UCPI,MS,False
243,0.9969550163012648,0.9787668357912194,0.974236418486258,0.9692226034700258,0.9584407839064922,2.1489927893294603,1.0502649009890666,-1.7490996871199642,1.1696152161165176,Vazante Grande,Muito Alta,Muito Alta,Criacao UCPI,MS,False
244,0.38896152697325503,0.3352249021344097,0.3175059663773131,0.31398434882290155,0.32718327198801267,-0.8139994528053492,-0.7561352858539506,-0.15305874858492377,0.4574576544998192,Curvelo,Muito Alta,Alta,recuperacao,MG,False
245,0.9581100909938166,0.8975014911018614,0.8785371720314842,0.8544873608201085,0.8169806339690443,-0.209387056930945,0.7211937923911315,-1.5089780674932924,0.44132579680701894,Rio Negro,Muito Alta,Muito Alta,corredor_mosaico,MS,False
246,0.9629359046671001,0.8372683178884236,0.8268573163095964,0.8171031909836044,0.8037944296273936,1.6259644395148833,1.1176862916239236,-0.5730581640063237,0.32234030506298106,Corumbá,Extremamente Alta,Extremamente Alta,Criacao UCPI,MS,False
247,0.6342043791360028,0.45355810590152035,0.440046103371411,0.45025581291210626,0.426479160932419,-1.6730781489391418,-0.4244659871696056,0.3306167301604823,-0.5881431170814472,Rio do Peixe,Muito Alta,Extremamente Alta,Criacao UCPI,MS,False
248,0.8123477983546705,0.22038608479815636,0.20286892593449626,0.1932616881946873,0.17495435350396865,-4.286739828994493,-1.1341376205953482,-0.6756499561289177,-1.0535235507815408,Rio São Domingos,Muito Alta,Extremamente Alta,recuperacao,MS,False
249,0.9540249537965083,0.7305437787348608,0.6566191559041367,0.6374997241330601,0.6010273063139386,-1.381279241536586,-1.4298968835261225,-0.42381093465316033,-0.6406012070906002,Rio Negro - Serra Maracaju,Muito Alta,Alta,Criacao UCPI,MS,False
25,0.9663275483930626,0.8417547632996355,0.7990578344953929,0.7643746524144157,0.6897052959075087,-0.7581948299602459,-0.7274511192982724,-0.621405366206053,-1.0863198278368433,Ribeirao Arrais,Alta,Alta,CAR - Boas praticas,TO,False
250,0.5097895363371178,0.30225962162755526,0.28390876418712585,0.28258028994121215,0.25929701476628875,-2.3940405795179474,-0.8619851619283454,-0.06331440389382317,-0.9151125372863543,Ribeirão Aquidauana,Extremamente Alta,Extremamente Alta,recuperacao,MS,False
251,0.43555783804861464,0.345385883367726,0.35001044844440643,0.36107631087554776,0.3536590804694572,-1.214231821526363,0.18256507974928457,0.4531168708223422,-0.24714317188627216,Ibiá,Alta,Alta,recuperacao,MG,False
252,0.9610483666495327,0.9283028819643335,0.935808924992449,0.9209073049679557,0.9213010298170268,1.563621687591526,0.5124823166964372,-1.0930927773194583,0.8765965547788794,Rio Miranda,Muito Alta,Muito Alta,corredor_mosaico,MS,False
253,0.4211319191499681,0.36012895854719884,0.36056131746869274,0.35494269123184163,0.34378870551190926,-0.8456280553450615,0.008318000624355346,-0.20761869250003023,-0.3679122054350034,Rio Paraopeba,Muito Alta,Muito Alta,Criacao UCUS,MG,False
254,0.3672685009726964,0.32360963237095164,0.32155649325592667,0.32000079508740215,0.3126439948079471,-0.6938827897506746,-0.09371787416150619,-0.07173712805146495,-0.25994884960555875,Araxá,Muito Alta,Extremamente Alta,CAR - Boas praticas,MG,False
255,0.7717830485698315,0.5599628796472095,0.5225222203816402,0.5173499387577731,0.4940439484986149,-1.6118447289995386,-0.9415565111526096,-0.24130651692997013,-0.423081362335166,Rio Taboco,Muito Alta,Extremamente Alta,Criacao UCPI,MS,False
256,0.47833316854572233,0.34222440672832727,0.32105754730635316,0.31972865071474527,0.30267934802740715,-1.6505610817485388,-0.8926476342117471,0.019636318954845727,-0.634821506347014,Divinópolis,Muito Alta,Extremamente Alta,recuperacao,MG,False
257,0.91681423144763,0.7878645736700214,0.7658454339602978,0.7583209441571217,0.7517074854115203,-0.7197650570545594,-0.4922822478916463,-0.3229370289285335,0.24037189614658258,Córrego Agachi,Extremamente Alta,Extremamente Alta,Criacao UCPI,MS,False
258,0.913430184232261,0.7325832397672205,0.6824463362255274,0.6743568901803365,0.6626380586055163,-1.1621875342410366,-0.9564217615393944,-0.22928809462060235,-0.14591120593767534,Rio Miranda - Pantanal,Extremamente Alta,Muito Alta,corredor_mosaico,MS,False
259,0.604279530876884,0.5254785825609428,0.5192078768862264,0.5118999991823432,0.453297172757864,-0.7737826498858686,-0.17311181639298537,-0.18917736859025108,-1.2603275858036864,Tapira,Alta,Alta,Criacao UCPI,MG,False
26,0.9992702723479078,0.9902464149136174,0.9872733617327009,0.9662656369070748,0.8604215738109565,-0.05082258038689676,-0.04289052680417666,-0.303872356776009,-1.2176062507691,Entorno TI Kraolandia,Muito Alta,Alta,fomento ao uso sustentavel,TO,False
260,0.8942799336402601,0.7840596051377451,0.779379072048548,0.7575191937760999,0.7546917223616297,0.06361329394841556,-0.015126548446577268,-0.5536189770216716,0.07933533251979084,Rio Nabileque,Alta,Alta,corredor_mosaico,MS,False
261,0.729723829352851,0.5544901927659049,0.5209761021482539,0.5106796254802678,0.47346598853283584,-1.4126526855374404,-0.8631603095537692,-0.2823395573663464,-0.8091236730742487,Bodoquena,Alta,Alta,corredor_mosaico,MS,False
262,0.0650371340101756,0.07380349485859145,0.07532263783997904,0.07855943760239921,0.08464375704250411,0.8023455409356274,0.29605336576385344,0.6183505238685637,0.8573090509851901,Rio Preto,Alta,Alta,CAR - Boas praticas,SP,False
263,0.3759449416965178,0.3167763375030048,0.30807975296342716,0.2925222008977366,0.2820206556552015,-0.9516752527951059,-0.39146833534786496,-0.7154893378244646,-0.39426062880091317,Pedregulho,Muito Alta,Extremamente Alta,CAR - Boas praticas,SP,False
264,0.6789092513719597,0.6295625271478592,0.6224238378691854,0.6226322479754735,0.5882403032605097,-0.3949783670306687,-0.16284295491199505,0.027903608950542926,-0.6249412264483624,Sacramento,Muito Alta,Alta,recuperacao,"MG, SP",False
265,0.2415111751804028,0.17860362773967506,0.16881301476523888,0.1596972567331627,0.15237562060882406,-1.5152094505344167,-0.7801211697858349,-0.7759872628036949,-0.5206506725009935,Rio Sapucaí,Alta,Muito Alta,recuperacao,"SP, MG",False
266,0.25777823272953454,0.18777688861646635,0.18378598183314568,0.17794619268412495,0.16964524431408518,-1.5755771778743048,-0.30362601822283086,-0.437386438575184,-0.5252391874727468,Rio Pardo,Muito Alta,Muito Alta,CAR - Boas praticas,SP,False
267,0.32993570921676985,0.2453688045914753,0.23554193806175164,0.23399523012928328,0.22186323628727161,-1.502124514203969,-0.5771620092926739,-0.07744773348709996,-0.5857437290332921,Carste Arcos e Pains,Muito Alta,Muito Alta,recuperacao,MG,False
268,0.1213610969895231,0.12237141265319933,0.12506860441478673,0.12974283203124926,0.13401159430296486,0.08504724529487806,0.33446119222423515,0.5388516024641727,0.35822926060551374,Rio Turvo - SP,Alta,Alta,CAR - Boas praticas,SP,False
269,0.12535977825552327,0.12660868184306057,0.12830973760200806,0.13804357524535407,0.15241325384766963,0.060422207909337305,0.19134902014340696,1.0866531086453715,1.1531290510519154,São José dos Dourados,Alta,Alta,CAR - Boas praticas,SP,False
27,0.9680580090452756,0.8895470802341687,0.7814062397824351,0.7417104225499789,0.6194081752624112,-0.4774642657086113,-1.7366675149528308,-0.7250663948473354,-1.8323504010792524,Guarai,Alta,Muito Alta,CAR - Boas praticas,TO,False
270,0.537205353750975,0.25842033336931886,0.23209372901769942,0.23499090567926662,0.21942153070551929,-3.051311697751603,-1.4534985120329817,0.20081628437638482,-0.7341400185678502,Rio Verde,Extremamente Alta,Extremamente Alta,fomento ao uso sustentavel,MS,False
271,0.8341247404505112,0.3112062081781251,0.27310353273220395,0.283358931614705,0.253471066556642,-3.6879523284797733,-1.7480895476214755,0.5361028884160886,-1.168139858384961,Ribeirão Serrote,Muito Alta,Extremamente Alta,recuperacao,MS,False
272,0.6697193245971594,0.4058227680191604,0.3575255422202313,0.3392442564426073,0.3056148064981013,-2.318043456131175,-1.7000992057007496,-0.7279661831662366,-1.1007743977094486,Córrego Belchior,Extremamente Alta,Extremamente Alta,recuperacao,MS,False
273,0.5732395213846205,0.32019237728086714,0.28683780573957995,0.27426964088418154,0.25427731654797375,-2.5965119799318512,-1.4878954487696938,-0.6252819571119339,-0.8093209202532968,Nioaque,Extremamente Alta,Extremamente Alta,Criacao UC,MS,False
274,0.5445280397902088,0.4136142703681573,0.41019566110306044,0.4066493396689439,0.38643716178080373,-1.365842122166711,-0.18180644908246668,0.027635195881743027,-0.6030514041903874,Alpinópolis,Muito Alta,Alta,recuperacao,MG,False
275,0.40013338577454316,0.21590561667601468,0.20142729932200676,0.19846679712628074,0.18784679250668188,-2.7015579682277244,-0.9499995172153322,-0.20574086828002752,-0.5926258331474926,Ribeirão Cachoeira,Extremamente Alta,Muito Alta,recuperacao,MS,False
276,0.609193845072998,0.36119149848318566,0.3286505687340313,0.32007872789750574,0.30014839985067504,-2.392098254036841,-1.2821126878366467,-0.37488929637441276,-0.6880927005954157,Bonito,Alta,Alta,corredor_mosaico,MS,False
277,0.9133744116786406,0.678942043807933,0.6135369038060696,0.6052253037846694,0.5909018468470614,-1.4979362093148187,-1.3679763435234709,-0.20371570973954128,-0.2557357249789252,Rio Aquidabã,Muito Alta,Muito Alta,corredor_mosaico,MS,False
278,0.2695844105405135,0.1799736748458077,0.17988828996405204,0.1817742906903706,0.17403999029382985,-1.950315439842401,-0.005849418409377615,0.12616490854417325,-0.45513681230564784,Córrego Piau,Extremamente Alta,Extremamente Alta,recuperacao,MS,False
279,0.3038596482273715,0.20256095646848865,0.19405367436982507,0.18718974818666514,0.17942906189447294,-1.9546529971342894,-0.5948193734075609,-0.4967718503772359,-0.46862008465385535,Rio Moji-Guaçu,Alta,Muito Alta,CAR - Boas praticas,SP,False
28,0.9983497148397413,0.9751764691906076,0.9452819135361161,0.8868832980082068,0.752558133303499,-0.135704314911022,-0.4359651416104885,-0.8799341035766612,-1.6817596664295473,Rio Parnaiba II,Alta,Muito Alta,CAR - Boas praticas,"MA, PI",False
280,0.4982827170693364,0.2964957838327368,0.26509672489276886,0.24651272516710843,0.20136216711152347,-2.314685859628969,-1.67990381264068,-0.6209864054461207,-2.1809573885171587,Cristais,Muito Alta,Alta,recuperacao,MG,False
281,0.5409300322976562,0.3860574267140425,0.37717936540833974,0.36960072470769184,0.3418181240666139,-1.6194769877321669,-0.508028094675301,0.039857154779895536,-0.9330451058553852,Furnas,Muito Alta,Alta,corredor_mosaico,MG,False
282,0.2372220017918671,0.05459038428302641,0.046153744584240264,0.05657545486793561,0.06054537647812959,-4.528684625752,-2.2077775390536267,3.2257745676434677,0.7796709759777112,Cavernas de Candeias,Alta,Alta,CAR - Boas praticas,MG,False
283,0.8100889223948838,0.5376983605813648,0.4676108274830217,0.4367465197648865,0.39239497576520915,-1.9749835657779082,-1.8532525337540147,-0.9497426239719609,-1.1207138186275476,Rio Perdido,Muito Alta,Muito Alta,recuperacao,MS,False
284,0.271523391598216,0.17907828714731353,0.179973005839284,0.17888242199234414,0.1739372738851752,-2.0014869289784274,0.07070494661647965,-0.08325442161371623,-0.31510171003766235,Campos Gerais,Muito Alta,Alta,recuperacao,MG,False
285,0.8995307290971151,0.680076532375132,0.653330020952833,0.6526898454018705,0.5541516714763396,-1.4263339724591106,-0.5548965574135486,-0.025123675542030162,-1.6714821809233043,Rio Tarumã,Alta,Muito Alta,Criacao UCUS,MS,False
287,0.4775899435494135,0.2526694979503872,0.22690258929424753,0.2263976895580181,0.20564736412775375,-2.8007354311679515,-1.466956748813437,-0.00427995299823815,-1.0015010828460422,Rio Inhanduí,Extremamente Alta,Extremamente Alta,recuperacao,MS,False
288,0.40170259361095756,0.2892313808390563,0.26097910041295935,0.2456982590965528,0.22759527730000917,-1.6459474229199214,-1.4004445885348025,-0.8368439481256698,-0.8151935960064891,Rio Feio,Extremamente Alta,Extremamente Alta,recuperacao,MS,False
289,0.7463751823792426,0.3702309086073572,0.3307777648415592,0.3046671745955696,0.2726294692803809,-2.965378420628277,-1.516439871699436,-1.1387310603026732,-1.1678324882360969,Rio Caracol,Muito Alta,Muito Alta,fomento ao uso sustentavel,MS,False
29,0.9998007797922379,0.9995702279698115,0.9926004037879586,0.8717619283687363,0.5589833449199817,-0.0013712815110305107,-0.09957596855985074,-1.7391328151514167,-3.9865443543492813,Nascente Uruçui,Extremamente Alta,Extremamente Alta,Criacao UCUS,PI,False
290,0.6505598356697236,0.3789440610040723,0.3133539495300674,0.2753641165081751,0.232590718400621,-2.455992696720868,-2.4778833838924714,-1.732498277738161,-1.7218049566800682,Bela Vista,Alta,Muito Alta,recuperacao,MS,False
291,0.2569924379203288,0.1794137919704558,0.1753364002244514,0.17222370573256565,0.1729735413848823,-1.7765703101956327,-0.3240409775745214,-0.25238924929570045,0.04798086071445705,Batalha,Alta,Muito Alta,CAR - Boas praticas,SP,False
292,0.22515924891303027,0.18192802465779118,0.18028674111568188,0.17433262777169115,0.16796930568517668,-1.1145277602866281,-0.12142129123131143,-0.4688267710063714,-0.40327604767586506,Rio Jacaré-Pepira,Muito Alta,Extremamente Alta,CAR - Boas praticas,SP,False
293,0.4748084867979165,0.25297310441413096,0.2112627450211423,0.18983167328862224,0.17308316429224738,-2.748218941296189,-2.358797142207612,-1.4456235531341042,-0.9797293756698725,Córrego Itá,Alta,Alta,fomento ao uso sustentavel,MS,False
294,0.6377408510205909,0.3866939123917188,0.3418122623717391,0.2682153781421067,0.188727517773044,-2.315180129503416,-1.655678290304241,-3.0800085920947042,-3.287680341584709,Rio Apa,Alta,Alta,fomento ao uso sustentavel,MS,False
295,0.3523613755723712,0.2766748932565506,0.2692761542651758,0.26476779528232797,0.25653738847145596,-1.2589885924800515,-0.38038325055563976,-0.2363744699337073,-0.3493853688388504,Itirapina,Alta,Muito Alta,CAR - Boas praticas,SP,False
296,0.1949084864336163,0.16740630357818553,0.16227273610034837,0.16864710369759503,0.16645971829376402,-0.8237685029032209,-0.46057240035127944,0.5616324449942248,-0.1239037946147856,Barra Bonita,Muito Alta,Extremamente Alta,CAR - Boas praticas,SP,False
297,0.2434172659016858,0.23243807716864268,0.22146484825989962,0.25131532380246707,0.2712201943438723,-0.26318130739702084,-0.6706191028097505,1.9308679692441957,0.8699957892203323,Itapetininga,Extremamente Alta,Muito Alta,CAR - Boas praticas,SP,False
298,0.7098783380482006,0.5567163658646697,0.5192118928770534,0.493873477023925,0.46505946942552806,-1.2665815533888647,-0.9613805991738318,-0.6944989166629572,-0.6471996178422547,Jaguariaiva,Muito Alta,Alta,Criacao UCPI,PR,False
299,0.22140270189698982,0.19792067432202534,0.19428142234061824,0.19273780951651015,0.19121667356535682,-0.626471078543011,-0.2610022619086129,-0.11245365945438598,-0.08608540501679905,Rio Lajeado - MS,Extremamente Alta,Extremamente Alta,Criacao UCPI,MS,False
3,0.986871164745464,0.9642933379472649,0.9438031825028704,0.8835694253674331,0.808940400265823,-0.0418253273001405,-0.32652797129834993,-0.7878150734927274,-0.9622212300015611,Rio Parnaiba,Alta,Alta,CAR - Boas praticas,"MA, PI",False
30,0.9265845733240525,0.6898676448178568,0.6077517174904403,0.5370351935343707,0.4818644623764434,-1.5036949647726374,-1.6941052858681003,-1.6478687801612386,-1.149629646368206,Couto de Magalhaes,Muita Alta,Muito alta,CAR - Boas praticas,TO,False
300,0.5889376250926937,0.5417580800867101,0.5273039749105518,0.5111615924085984,0.5029106603524878,-0.4710834878247756,-0.3815267215370558,-0.4377662772117009,-0.18098921796765927,Itararé,Extremamente Alta,Muito Alta,Criacao UCPI,"PR, SP",False
31,0.9987860090933212,0.9748697975102975,0.940829823762841,0.8875831737866677,0.7961742512157018,-0.14042329600752695,-0.4989206226463705,-0.8084083602667975,-1.144406626246133,Recursolândia,Muito Alta,Alta,CAR - Boas praticas,TO,False
32,0.9621377452358846,0.8472818115244437,0.785176794617547,0.7204816697855992,0.6518925199000677,-0.6904756331181228,-1.0337570562029996,-1.1346377704389112,-1.0588168945954168,Caseara,Muito Alta,Muito Alta,CAR - Boas praticas,"TO, PA",False
33,0.9954806693106624,0.9667235392633359,0.9654274467269579,0.9627303055842833,0.8889713552485402,-0.1685339390653106,-0.018177544116777206,-0.04030522658152101,-0.8504269641860733,Entorno PN Serra das Confusões I,Alta,Alta,CAR - Boas praticas,PI,False
34,0.943480024750059,0.8187466286710401,0.7624108782582151,0.6898604766251564,0.5647572463727261,-0.7776007276099878,-0.9822497374282266,-1.3564300851723619,-2.017332076538457,Rio Lajeado - TO,Alta,Muito Alta,CAR - Boas praticas,TO,False
35,0.9985834598481224,0.9961144746076618,0.9877256743610984,0.8585087283447449,0.7367244162175696,-0.014438996363814606,-0.12029643443004659,-1.868712176940341,-1.5761664462920142,Serra do Quilombo,Extremamente Alta,Extremamente Alta,Criacao UC,PI,False
36,0.998332550363511,0.983126152743067,0.966643535175797,0.9461216233165214,0.8581948536213156,-0.08246621414368317,-0.2388952091383662,-0.299631640401624,-1.0323537476354678,Lizarda,Extremamente Alta,Extremamente Alta,Criacao UC,TO,False
37,0.9951156823069313,0.9436869419521912,0.911879283146472,0.878109592009343,0.7584737534444549,-0.29674472559897086,-0.483507454516785,-0.5233895919556586,-1.5172978537589525,Entorno TI Xerente,Extremamente Alta,Extremamente Alta,CAR - Boas praticas,TO,False
38,0.9938087186411159,0.9311748338437903,0.892758703361432,0.8058144261629432,0.6379075919219818,-0.36784585209763493,-0.5885598726809097,-1.3841948918948521,-2.3151592337195166,Rio do Sono,Alta,Muito Alta,fomento ao uso sustentavel,TO,False
39,0.9336310584767815,0.9247314493966394,0.9110066575214973,0.880783215246822,0.8259288410261834,-0.052047470345832375,-0.21020533767543348,-0.46846852884048373,-0.6904140106676837,Rio Uruçui-Vermelho,Muito Alta,Extremamente Alta,Criacao UC,PI,False
4,0.9910863755250459,0.9872445161278269,0.979102457698529,0.9695740056449946,0.9378249509482881,0.25203306458124675,0.000619998928666884,0.17072997145118737,-0.5656490725344885,Lagoas Marginais,Alta,Alta,fomento ao uso sustentavel,PI,False
40,0.9999166541185815,0.9997599710286997,0.9991936859755434,0.9984496522447088,0.8446623230403472,0.010809312465678029,-0.006092773807190152,-0.005109006235688123,-1.7111531662349257,Entorno PN Nascentes do Parnaíba,Extremamente Alta,Extremamente Alta,Criacao UC,MA,False
41,0.8790113625667295,0.7041005259042968,0.6333361709745977,0.5760334464309164,0.4745847984276797,-1.1749697878788605,-1.439527172283926,-1.2829423374780975,-1.9690270251637991,Rio do Coco,Muito Alta,Muito Alta,CAR - Boas praticas,TO,False
42,0.9999562796681731,0.9995457197064295,0.9990384496393265,0.9990117937875829,0.9965443260247531,-0.002250009877114532,-0.00722771462470557,-0.0003811643908121657,-0.02744342824218846,Entorno PN Serra das Confusoes II,Alta,Alta,Criacao UC,"PI, BA",False
43,0.9788910896040112,0.9097819319450244,0.8847159027667997,0.8521803280191027,0.7945984840029224,-1.2571876234754504,-0.47054269630079404,-0.5042872417202788,-0.7385099835493009,Lajeado,Alta,Alta,fomento ao uso sustentavel,TO,False
44,0.991627348246745,0.9881344552563317,0.9720500146229589,0.9502423434541291,0.9236514058794251,-0.008659571354370755,-0.2320276877434873,-0.3149641080081914,-0.31521981542718375,Luciara,Muito Alta,Muito Alta,compensacao,MT,False
45,0.997736741793634,0.9853869245996525,0.9716743161058343,0.936283713564914,0.838865150810313,-0.06799567468329855,-0.19780770926582447,-0.5150636989611886,-1.1547270610795513,Rio Sono,Muito Alta,Muito Alta,ordenamento,TO,False
46,0.8278959181798,0.7845078005459725,0.7775556338992833,0.7621367603517485,0.7123230718121729,-0.2478814871428275,0.02607882319339362,-0.19535248748231265,-0.6105807315040179,Rio Araguaia I,Alta,Alta,CAR - Boas praticas,MT,False
47,0.9933692234129722,0.9571598133363729,0.9323350618291724,0.9024782879314337,0.8144270387941436,-0.20877192115494556,-0.3701818985142245,-0.45078379091450593,-1.0835810830600097,Ponte Alta,Muito Alta,Extremamente Alta,Criacao UC,TO,False
48,0.9897682627069554,0.9344674078785034,0.8999364105797368,0.8617771493734724,0.7390709415451969,-0.3287543846678581,-0.5288714520605546,-0.6056408129607409,-1.5826433781270626,Lagoa do Tocantins,Muito Alta,Muito Alta,Criacao UC,TO,False
49,0.964662012781437,0.8011110850793303,0.7548934820535421,0.6864291128858359,0.5873009362370197,-0.9674796292185497,-0.8122690323334871,-1.2854263039237233,-1.597722289782851,Ipucas,Muito Alta,Muito Alta,CAR - Boas praticas,TO,False
5,0.946814958760294,0.8367842739254037,0.8250296726226349,0.7741678907299683,0.7051815059748373,-0.6460751640450673,-0.14209970682136364,-0.8549553524204088,-1.0407402177759226,Lagoa do Caju,Alta,Alta,fomento ao uso sustentavel,PI,False
50,0.9109236583390178,0.800975299491428,0.7416562739205458,0.6638925157374623,0.5486948686006607,-0.7114758667837794,-1.0653366577625611,-1.50036505017348,-1.9296310024312362,Pium,Muito Alta,Extremamente Alta,CAR - Boas praticas,TO,False
51,0.9999218219201456,0.9997161467311647,0.9986500643957087,0.9992272415874691,0.9981230342112325,0.007136565365490769,-0.009412669136994138,0.015326451424816208,-0.011156855404880083,Entorno ESEC Serra Geral do Tocantins,Alta,Alta,fomento ao uso sustentavel,TO,False
52,0.9942737652055751,0.9748569549772116,0.950423762530238,0.8189347582413447,0.6923039868901175,-0.1140094817251087,-0.3579187630268321,-1.9762999893594597,-1.718109456037304,Rio Galhão,Alta,Alta,fomento ao uso sustentavel,"TO, BA",False
53,0.9955751648407324,0.9880563267748886,0.9498782484618031,0.8394883282125508,0.7012987727980907,-0.042521049625994754,-0.5518413088258274,-1.659336573169412,-1.8290912977968858,Rio Sapão,Extremamente Alta,Extremamente Alta,Criacao UCPI,BA,False
54,0.9464587480490062,0.9390381418213021,0.9433865379303348,0.9331573640966164,0.9249556875054065,-0.04508503419834638,0.06634760736843644,-0.15408360523067519,-0.10002613362965053,Buritirama,Alta,Muito Alta,Criacao UCPI,BA,False
55,0.8920818181121015,0.7259155784298633,0.69488250783377,0.6186183920228638,0.5546740278976329,-1.1367062065713278,-0.6279730459819333,-1.537521580066267,-1.140613322662962,Porto Nacional,Alta,Muito Alta,CAR - Boas praticas,TO,False
56,0.9576927485367289,0.9442030849340958,0.9402516851756043,0.9084559828380413,0.8273080210794378,-0.0778934926113035,-0.060602856846876066,-0.4809228348019302,-0.9864720148283287,Formosa do Rio Preto,Muito Alta,Extremamente Alta,Criacao UCUS,BA,False
58,0.9867070689886868,0.9229445516253459,0.9034309189119468,0.8364426226970816,0.7520463062542275,-0.38216876068010097,-0.3184389878138754,-1.0791557854600382,-1.1209114978854386,Almas,Extremamente Alta,Muito Alta,Criacao UC,TO,False
59,0.9939021602970506,0.9557322287636089,0.9344498345956967,0.8920874858289801,0.8274646831768846,-0.22479510586883447,-0.3181506520957611,-0.64816007314478,-0.8076845921036795,Rio Bagagem,Extremamente Alta,Extremamente Alta,Criacao UC,TO,False
6,0.996384149448637,0.94662023836337,0.9302298893856805,0.9031889485447192,0.8628614432235314,-0.29265404971345166,-0.25415729211298704,-0.4154216004963145,-0.49796325099045313,Lagoa Alegre,Alta,Alta,Criacao UCUS,PI,False
60,0.9712602097914353,0.9247595614105208,0.9003241236186565,0.8802320675912724,0.8162070253973097,-0.27707473649711234,-0.37762442848997546,-0.32689032496606546,-0.8108099468103017,Aurora do Tocantins,Muito Alta,Alta,CAR - Boas praticas,TO,False
62,0.9812816256732412,0.9291320469611999,0.8629962996359763,0.6810808459809704,0.6151409951631692,-0.31278549691690016,-1.0172688888532828,-3.012752008421807,-1.080651926710172,Córrego São Felipe,Alta,Muito Alta,CAR - Boas praticas,TO,False
63,0.9848136293541184,0.8993344022974743,0.8431772986069835,0.7623386003023646,0.6632023725901195,-0.5036058488034227,-0.8910628721523564,-1.3654787892537203,-1.4483825229311142,Rio São Valério,Alta,Muito Alta,CAR - Boas praticas,TO,False
64,0.8204615889890386,0.78948162771291,0.8070552547594274,0.7842209754968312,0.7405552608277794,-0.1112133917013304,0.2650864474357695,-0.17359978574805915,-0.6317839708986028,Rio Sao Francisco 2,Alta,Alta,Criacao UCUS,BA,False
65,0.9419081742696271,0.9234827852693963,0.8926212526394965,0.8108388921951939,0.6417833421098097,-0.10783220471976127,-0.47100638614175583,-1.3108094868028632,-2.3115390612500764,Rio de Janeiro,Extremamente Alta,Muito Alta,Criacao UCPI,BA,False
66,0.9854888739376616,0.9804516998579599,0.9733147148172239,0.9278054143051001,0.7994116324560442,-0.03001458907382544,-0.09912913295169506,-0.6688665024650708,-1.5343505723684925,Cotegipe,Muito Alta,Muito Alta,Criacao UCPI,BA,False
67,0.9596201832224108,0.9355208720022024,0.9155795528085727,0.8879718978224491,0.8164598158614592,-0.0999117031127467,-0.27924789736493943,-0.4036511673168509,-0.9049656596232556,Entorno PE Araguaia,Alta,Alta,Criacao UCPI,MT,False
68,0.9576358787921224,0.8740418215502263,0.8360265834136694,0.8019313527885273,0.7708513417965416,-0.488069361134465,-0.6013593816430947,-0.564246432813872,-0.42118979841713444,Rio Cristalino,Muito Alta,Muito Alta,recuperacao,"MT, GO, TO",False
69,0.9739990911018047,0.8595990199589634,0.8193510142742337,0.7717146701648593,0.6931508750154368,-0.7870197521096319,-1.5027050257367296,-0.8345212916344158,-1.123851918794948,Rio Tocantins,Alta,Alta,CAR - Boas praticas,"TO, GO",False
7,0.9807949781277429,0.9632625458265967,0.9565450277606592,0.9317950473241118,0.7511945538530097,-0.1036924308480347,-0.09723697532645982,-0.367913729304335,-2.1547797227255514,Codó,Alta,Alta,CAR - Boas praticas,MA,False
70,0.9784587360165999,0.9293556890948669,0.9011359071358152,0.8250227464209656,0.6644763084986681,-0.2867067324616841,-0.5211916821050695,-1.203412366339802,-2.1579855822796326,Rio Ponte Alta,Extremamente Alta,Extremamente Alta,Criacao UC,TO,False
71,0.7700813416362527,0.4804402940991722,0.4395853486799453,0.37847474442365825,0.34151999435595093,-2.208054079123909,-1.217109828672883,-1.9703483727263889,-1.0847431210573386,Rio Santa Tereza,Alta,Muito Alta,CAR - Boas praticas,"TO, GO",False
72,0.912369245290573,0.8489197336602354,0.8002879298554808,0.7108146291553591,0.5926360886659963,-0.4043249583777207,-0.8169637107693297,-1.5963216971875656,-1.8517688117994997,Rio Murere,Alta,Alta,recuperacao,MT,False
73,0.8855893062548188,0.8864609872620499,0.8762325548858562,0.8417815353402045,0.764753972163501,0.007118527385010248,-0.16465641506763218,-0.558148437403524,-1.0178885244254734,Cristópolis,Muito Alta,Muito Alta,Criacao UCPI,BA,False
74,0.9980985860777858,0.9732153991460263,0.9452123718508862,0.9158454910033037,0.8967839337733342,-0.13539306241760768,-0.388176223438871,-0.4340203704955502,-0.23353678981670056,Rio Papagaio,Muito Alta,Alta,fomento ao uso sustentavel,MT,False
75,0.9556974759787707,0.8833302339912918,0.8545111559007108,0.7619569418292391,0.537177841999272,-0.44255832439496195,-0.4643415736219355,-1.5471577918823778,-3.280289830591554,Rio de Ondas,Extremamente Alta,Extremamente Alta,Criacao UCPI,BA,False
76,0.7892245487880684,0.8311320616208115,0.7970078563604738,0.7444345636807858,0.7328082000298164,0.31225457198350637,-0.5867106990679256,-0.9423698140742351,-0.17406890067603875,Muquem de São Francisco,Alta,Alta,CAR - Boas praticas,BA,False
77,0.8969642414186272,0.6855227851321848,0.6189153739976565,0.5894200011262707,0.5222754563081103,-1.3845674063993685,-1.39076083976056,-0.6806830528971876,-1.2634763570495744,Rio do Fogo,Muito Alta,Extremamente Alta,fomento ao uso sustentavel,TO,False
78,0.9538713871630501,0.8708524996146635,0.8230935791541165,0.7608956984306491,0.6582226093498517,-0.5102486447634408,-0.7838280758207012,-1.0765032107406933,-1.4977017169316975,Conceição do Tocantins,Extremamente Alta,Extremamente Alta,Criacao UC,TO,False
79,0.9609885101597399,0.9452956468940048,0.911117821353204,0.8582732691721502,0.6925286598209017,-0.08753701473187873,-0.5137096126766716,-0.8273337620876184,-2.145379728584535,São Desidério,Muito Alta,Muito Alta,Criacao UCPI,BA,False
8,0.9951883670817848,0.9680798026913694,0.9464674092362362,0.9002504674021269,0.8555439955384716,-0.15176856217591286,-0.3173207698342427,-0.6813566536399719,-0.5537592939491656,Teresina Timon I,Alta,Alta,CAR - Boas praticas,"PI, MA",False
80,0.7848845044829832,0.6713803071285811,0.6751658539590599,0.6352580946454166,0.6223880738372362,-0.7912729509095926,0.06815974515088641,-0.7834636655282676,-0.22524845566781349,Rio Sao Francisco 1,Alta,Alta,Criacao UCUS,BA,False
82,0.9809361600538531,0.9410974895851036,0.9286099821447976,0.8908146821156424,0.7690757551930922,-0.21868653315539627,-0.19342609501514785,-0.5600735828326352,-1.5173923944158458,Baianópolis,Muito Alta,Alta,Criacao UCPI,BA,False
83,0.9910183923070636,0.949972440629882,0.9315761293010826,0.8890139010798733,0.8187858912883798,-0.23682794785644326,-0.325427345327808,-0.6470167514397266,-0.8773846836689865,Serra de Caldas,Extremamente Alta,Extremamente Alta,Criacao UC,"TO, GO",False
84,0.7287512701995175,0.4591822983000805,0.3946653110865187,0.3532127782846855,0.31008753043648873,-2.177164112567641,-2.010317482516577,-1.5006457344778885,-1.3667796773737195,Araguaaçu,Extremamente Alta,Muito Alta,CAR - Boas praticas,"GO, TO",False
85,0.9397163733860611,0.861778951075921,0.8306396605671165,0.7641922853243963,0.6476387167867401,-0.487904118731365,-0.5177792918471757,-1.1424805006303986,-1.6948634826101983,Ribeirao Cascalheira,Muito Alta,Extremamente Alta,recuperacao,MT,False
86,0.9954495007186658,0.9735547299604844,0.9646061628386032,0.9652243276173751,0.9596905779163788,-0.12851133991846767,-0.12802310068935935,0.008229749091340619,-0.06429740244473761,Rio Cravari,Muito Alta,Alta,recuperacao,MT,False
87,0.9413790954773271,0.7414610616732284,0.6499625958143729,0.6144767948754969,0.5731602189300242,-1.2482106188913262,-1.7622753490359102,-0.7738108411203625,-0.7506693541255055,Rio Teles Pires,Extremamente Alta,Extremamente Alta,Criacao UC,MT,False
88,0.9825318303257703,0.9777773322548227,0.9363659734767589,0.9360118481276717,0.7867622512878576,0.08923651988350133,-0.5266896802613941,0.011163742568043311,-1.771030496269261,Rio do Sangue,Muito Alta,Alta,recuperacao,MT,False
89,0.9920666014712447,0.9613762022966635,0.9218193817788995,0.8576431024915164,0.6965788653558911,-0.18112177692159545,-0.5897568179275907,-0.9936466990935866,-2.085142232631254,Correntina,Extremamente Alta,Extremamente Alta,Criacao UCPI,BA,False
9,0.9991065132892587,0.99439112369986,0.9875123842472838,0.9609527671967786,0.7303536495619098,-0.026873144265400738,-0.09827914864086582,-0.38257396791220943,-2.6675027605114128,Matões,Alta,Muito Alta,CAR - Boas praticas,MA,False
90,0.9770534149049325,0.9121989314690252,0.8706289712678849,0.8520122360439256,0.8098291436281625,-0.382394904146456,-0.6493273629415589,-0.29680105340795954,-0.5468823924015315,Serra da Prata,Muito Alta,Alta,Criacao UC,"GO, TO",False
91,0.8814872262013643,0.7815680902730981,0.7251024247454182,0.7118393995999898,0.6735036530982029,-0.6776038876972176,-1.0514392716974106,-0.26923333381379294,-0.5956755553158012,São Domingos,Alta,Alta,corredor_mosaico,"GO, BA",False
92,0.986125938579587,0.9726241808940196,0.979633623427182,0.973079067431875,0.9606952225490536,-0.08053951419954739,0.1029533249305706,-0.09558319761526292,-0.14140503180182723,Rio Mutum,Muito Alta,Alta,Criacao UCPI,BA,False
94,0.7770931790493171,0.7261524193882163,0.7878743841105429,0.7901296870088244,0.7542481177072362,-0.37500291023081306,1.2132111968009023,0.041960805225487494,-0.5036872295656525,Santa Maria da Vitória,Alta,Alta,CAR - Boas praticas,BA,False
95,0.9748795033788511,0.8422346150414562,0.8046861742364245,0.7812824424386599,0.7397380026022915,-0.8002982317475112,-0.6366233923098684,-0.41412659252040773,-0.5911895791881167,Rio Ronuro,Muito Alta,Alta,Criacao UC,MT,False
96,0.7680298143968846,0.3543766210502833,0.30888993920514674,0.29668952298167117,0.29116574566930553,-3.17019171232715,-1.8314719797061927,-0.5674697001369736,-0.20796323485806992,Rio Sete de Setembro,Muito Alta,Extremamente Alta,recuperacao,MT,False
97,0.9396266150293756,0.793272403282719,0.7274725035270747,0.69659040771613,0.6637855658972132,-0.9136367753345723,-1.1839207599529833,-0.6010052866132669,-0.5258566347142181,Rio Arinos,Muito Alta,Muito Alta,recuperacao,MT,False
98,0.9477383403487191,0.9157570275353513,0.8951109735607503,0.8603339025381714,0.7873812803421083,-0.1896192294774485,-0.3064918828430677,-0.5515789874120968,-0.9856843305389804,Rio Claro,Muito Alta,Alta,Criacao UC,MT,False
99,0.971065591926978,0.8333180814396979,0.7900723787513789,0.7611248403090636,0.7242382124875139,-0.8114483872296414,-0.7293524127536429,-0.5052303316315883,-0.5501668925498304,Entorno TI Areões I,Muito Alta,Alta,recuperacao,MT,False
AMZ_CerraPant001,0.9561460898466031,0.6074037631189074,0.5352164173722087,0.5146321323166138,0.5000348918104021,-2.136138596660038,-1.6411221691485869,-0.6414644369216967,-0.26976893653459044,,,,,,True
AMZ_CerraPant002,0.8569348152151186,0.9144687696088581,0.8082659205774232,0.8172431629394441,0.7832638992478698,0.3978330836677163,-1.6524338596153352,-0.07569709064696133,-0.4641697233990574,,,,,,True
AMZ_CerraPant004,0.9675313137929489,0.9687503525861286,0.9331245161325138,0.9168819086011445,0.7744159089858264,0.007397293599104343,-0.5253577807478467,-0.24859943415730074,-1.7265003640106094,,,,,,True
AMZ_CerraPant005,0.9987545962251546,0.9921829837237719,0.9828307469701544,0.9685350671336826,0.8753088029946714,-0.03809077323352927,-0.1321783579477907,-0.20666514116612117,-1.0691977961055699,,,,,,True
AMZ_CerraPant008,0.9352161383603159,0.8889075248238004,0.8326807119877631,0.6486730030487712,0.4978714706597718,-0.2919243842084274,-0.9059636150057828,-3.1560569967622834,-2.583786760968896,,,,,,True
AMZ_CerraPant009,0.9734151370844142,0.967036170515099,0.9142518344452372,0.8915510865102456,0.8685664683046335,-0.026301080606956222,-0.7734599516718018,-0.3551273874937747,-0.2930608704741008,,,,,,True
AMZ_CerraPant010,1.0,0.994505036478902,0.9871647023789112,0.9792684345113196,0.9630328681195285,-0.007787433708748276,-0.09095374379535226,-0.11045593231992898,-0.18531679290320932,,,,,,True
AMZ_CerraPant011,0.885650366927352,0.4798769319072785,0.42887618874011596,0.424078849798181,0.38508071117818665,-2.6982623044008434,-1.5198144269285088,-0.16081856768358493,-1.0242838571965471,,,,,,True
AMZ_CerraPant012,0.8698296147250771,0.5325997007768184,0.444146206318014,0.4464878471089519,0.4473422899117993,-2.277669274719809,-2.3714372382436566,0.07807530581000398,0.0169349045452849,,,,,,True
AMZ_CerraPant013,0.9993164465590464,0.9751008604503054,0.9842767628310819,0.9796328201267593,0.9543876736778931,-0.140764946796234,0.1363737137615744,-0.06619639597129158,-0.28741328907000796,,,,,,True
AMZ_CerraPant014,0.9818248209115454,0.9543651077962187,0.9056698442675228,0.8681392406983829,0.6833196522734653,-0.16342904699009733,-0.7242124978166183,-0.5899094300634844,-2.368891342001404,,,,,,True
AMZ_CerraPant015,0.9816879215716531,0.9812740272533634,0.9780880668845437,0.9595643406768457,0.947762553393748,0.02522094462481332,-0.07308212947209546,-0.23202350874579175,-0.15344132676025327,,,,,,True
AMZ_CerraPant016,0.7901690479076925,0.7400630374402571,0.6887280974404317,0.6974463756856469,0.7013117899875134,-0.38993729454525583,-1.0187004679328584,0.23198638300169377,0.045352000392099676,,,,,,True
AMZ_CerraPant017,0.9989040909081037,0.9466739456673543,0.9156115224932098,0.8457216825878758,0.7272547023555663,-0.30760936093704905,-0.4684764586522371,-1.0899341676182404,-1.5563909278073225,,,,,,True
AMZ_CerraPant018,0.9952819246862189,0.8479351426229298,0.8129068976627766,0.7561630322051854,0.5880993549364419,-0.8678108152327032,-0.5978164831790874,-0.9990570421394189,-2.472769182975982,,,,,,True
AMZ_CerraPant019,0.9938252628923615,0.8814379621885706,0.8185733680800591,0.8011619816294142,0.7505057991499474,-0.38075240430635104,-1.1504883520870408,-0.3033520461310541,-0.5483841131964453,,,,,,True
AMZ_CerraPant020,0.9721598407258201,0.9311560479935723,0.8623737879041311,0.815897930030376,0.7275054487676091,-0.2328776691758082,-1.0416967433631772,-0.7673974655999695,-1.2155781669572505,,,,,,True
AMZ_CerraPant022,0.8819857756368458,0.907852955602823,0.9317661981521564,0.9556830680781312,0.9757913285836862,0.17251965548190248,0.37629194088808177,0.3666902395135642,0.23378578546725168,,,,,,True
AMZ_CerraPant023,0.9510168877481489,0.7717790816182843,0.7631125161919415,0.7528973662226296,0.7083816846541584,-1.1048795366102926,-0.15108925691788805,-0.18019835995560626,-0.6598111532759897,,,,,,True
AMZ_CerraPant024,0.9415693393807385,0.5898644347027084,0.5310119459615485,0.5281170480561937,0.45310922778580187,-2.1988561423337107,-1.4215013817547353,-0.07611078005043444,-1.5788799125591946,,,,,,True
AMZ_CerraPant025,0.8677755194299389,0.8263680912013822,0.8144276332032917,0.7305582674891284,0.47871403554751535,-0.2810303460434512,-0.20591506836632467,-1.4731666780295885,-3.831098009409817,,,,,,True
AMZ_CerraPant026,0.9585877018983072,0.7831493676110792,0.740961210299486,0.6943301135418679,0.6395286924608542,-1.0851008638027146,-0.7697724696178877,-0.8938198520597993,-0.8842646700567114,,,,,,True
AMZ_CerraPant027,0.9633178167992484,0.9245028199696942,0.8751299868248043,0.8663374705146224,0.7962319031538824,-0.23696666943743805,-0.7699209430583236,-0.13678739597347636,-0.9013553998707797,,,,,,True
AMZ_CerraPant028,1.0,1.0,1.0,0.9993882222892961,0.9972366987062475,0.054377007376045755,0.026646520924478168,-0.011957603396576097,-0.043912167963839406,,,,,,True
AMZ_CerraPant029,0.9978369979579014,0.9037490854949397,0.8722527784248122,0.8562540513985597,0.8397965470648776,-0.5560302469529876,-0.49822718604960303,-0.25887005279199926,-0.21590453383826258,,,,,,True
AMZ_CerraPant030,0.987586806665399,0.8839015257681312,0.8395497344697425,0.7988527078183797,0.728556321115699,-0.601379822306029,-0.7054514312800274,-0.6815697036262296,-0.9885416995486408,,,,,,True
AMZ_CerraPant031,0.9695805704929793,0.9509488358587367,0.9248202511179775,0.8527968608235326,0.7728355400105769,-0.11285217361061467,-0.3922858868799839,-1.1125264452483978,-1.041864057406915,,,,,,True
AMZ_CerraPant032,0.7902453574599103,0.4930703449246515,0.412500167156344,0.4068792126702844,0.3902570216051951,-2.2138646630973344,-2.326688616958017,-0.19702498178800765,-0.45727937268604063,,,,,,True
AMZ_CerraPant033,0.9583882068731191,0.7789655640435046,0.6707186372149888,0.5859521070273792,0.5037015012838958,-1.099566350767491,-1.979297580158566,-1.7780477838306132,-1.5741178503710582,,,,,,True
AMZ_CerraPant034,0.8716832102565881,0.6102762992441995,0.5180879358771799,0.4452903898889063,0.35918312792358487,-1.7635214832696262,-2.1570606342860534,-2.0005715491144875,-2.152749974593262,,,,,,True
AMZ_CerraPant035,0.9461604117627801,0.8360628398956318,0.7922375871815986,0.7037409729386931,0.5638655588971752,-0.6882292684278946,-0.7464818985922709,-1.5886844746515107,-2.21253320634214,,,,,,True
AMZ_CerraPant036,0.9505586585874752,0.7722788545362911,0.69731363996136,0.6219068591997108,0.4621550222328104,-1.1033778522829418,-1.3865694213981443,-1.54508421877145,-2.8541892362142107,,,,,,True
AMZ_CerraPant037,0.9566840493419085,0.6733293824819154,0.6312510922197021,0.5997533842220983,0.593277783372628,-1.7389238716027777,-0.8215592199940644,-0.6933640453673935,-0.17803449964426274,,,,,,True
AMZ_CerraPant038,0.3526856637867596,0.19660129334215048,0.220361834204945,0.22993512886408538,0.2051812471664831,-2.601527694842247,1.726343730414229,0.6212382566400284,-1.2000353663149308,,,,,,True
AMZ_CerraPant039,0.6657547400446239,0.42407250896275167,0.4157108735115001,0.46499704388635904,0.39858187369804593,-2.133273986040515,-0.2796677818442966,1.6954048840123352,-1.593652095817397,,,,,,True
AMZ_CerraPant041,0.896325105258698,0.8086220539763292,0.7583096394845475,0.7160576371747276,0.6421870873496238,-0.575908598820268,-0.8884473389782679,-0.7950200266870227,-1.1472566116613427,,,,,,True
AMZ_CerraPant042,0.9380090675514664,0.8129942981631261,0.6902057959726261,0.6399845849127319,0.5179884348904044,-0.7839588522460439,-2.1577535082122106,-1.0386065493513794,-2.118518551534221,,,,,,True
AMZ_CerraPant043,0.9638647349416186,0.9810337996489671,0.9772651094763284,0.9591591764656796,0.9801327653701929,0.10551666641919265,-0.0548792825047828,-0.26467350912089244,0.2429626723434423,,,,,,True
AMZ_CerraPant044,0.9013623984775648,0.8634664217989023,0.8357452092825285,0.8076388002426818,0.6615475306346106,-0.2525172558880674,-0.473638037469556,-0.45657184615115,-2.0162663592725893,,,,,,True
AMZ_CerraPant045,0.9821999085329061,0.8876534127653137,0.8108833187551288,0.7316391936936204,0.48201693337957613,-0.5665194844306968,-1.236520481422949,-1.3974121739613685,-3.790745186024109,,,,,,True
AMZ_CerraPant046,0.9863307696309337,0.8673889460915561,0.7995114571158304,0.7348177709136858,0.7042901521529993,-0.7019708282854861,-1.1153795916924845,-1.160045799728972,-0.4629289387846865,,,,,,True
CAA_CerraPa001,0.99759986042985,0.9869922637360548,0.9873846300091657,0.9789531914377854,0.9245082959095696,-0.02727161911886593,-0.013358648743274797,0.10621194652589785,-0.7010485041655011,,,,,,True
CAA_CerraPa002,0.9980512727970162,0.9982648126445592,0.9977042092075183,0.9974640092230156,0.9977042128238404,0.0012585693586171754,-0.008022541141096604,-0.0034393243192590694,0.0026757144853241225,,,,,,True
CAA_CerraPa003,0.9998229442787011,0.996630183543769,0.995775347824575,0.9953241849396219,0.9937248932969944,-0.01880659903826145,-0.012334751456539412,-0.006418160253177494,-0.01791674290494304,,,,,,True
CAA_CerraPa004,0.5372111844537435,0.5503736709687322,0.5776585593278343,0.5612707691419162,0.5619618813204498,0.15076810348861228,0.7050504818540019,-0.40512192518857215,0.015042074371667762,,,,,,True
CAA_CerraPa005,0.999154029990542,0.9915813996317127,0.9864413378717689,0.96652098897579,0.8772724529706677,-0.04310105817288837,-0.07460760302264724,-0.28812367113299725,-1.0261310741946497,,,,,,True
CAA_CerraPa006,0.9964605926091615,0.9926527272582694,0.9874237165701141,0.9794532777309557,0.9485051475857511,0.6216516544800318,0.1850472993913499,0.8323830052116612,-1.0376009761514637,,,,,,True
CAA_CerraPa007,0.9613373111867017,0.9506640108805595,0.9316573159084446,0.8597687475550543,0.8110614014242418,-0.03401006600424129,-0.3053258066756651,-1.0728852625464635,-0.6312116409131245,,,,,,True
CAA_CerraPa008,0.9997003644875229,0.9922697123157639,0.991033718003935,0.9774286206492047,0.941454963699605,-0.04346039837232376,-0.01790148981204601,-0.19738345884854347,-0.40877724488693384,,,,,,True
CerraPa_MA001,0.2979908112870226,0.24155152540559297,0.22563996083172289,0.22100436898097975,0.19202607887306722,-1.1014071786643127,-0.9368411592146662,-0.2781669480846175,-1.474916842005932,,,,,,True
CerraPa_MA002,0.3020097397958321,0.24197507435464477,0.25175100421998925,0.24226386207949852,0.24607154941006634,-1.1691757024824931,0.5792823066832676,-0.5153519668192996,0.1753746964089858,,,,,,True
CerraPa_MA003,0.12414077664527003,0.11869356923683304,0.12118035014594725,0.1279498116998517,0.124327245757697,-0.249302291365033,0.31827494046120985,0.783824331835757,-0.26338541824853323,,,,,,True
CerraPa_MA004,0.9041885041356722,0.8765221336093215,0.8428719994959261,0.8260820944542878,0.7643031063279964,-0.17952651988549262,-0.5463693924241143,-0.2866252477589315,-0.8365057877343799,,,,,,True
CerraPa_MA005,0.25032552625798804,0.22482236532531308,0.22233938350134824,0.2148000700938695,0.2028688351676938,-0.5904883156654515,-0.1407107341838576,-0.45305941487531987,-0.6260865307850638,,,,,,True
