stratum,period,native_start_ha,native_end_ha,land_ha,loss,gain,net_change_pct_yr,gross_loss_pct_yr,gross_gain_pct_yr
2006 & hybrid,1985-2002,706767.802409713,588620.5169202918,766911.0761626428,152388.87043754882,34222.16476936035,-0.9833272397542399,1.2683162944953026,0.2848274226671338
entered (2012 only),1985-2002,22849811.38600702,18636310.274867,31154427.841048658,7698945.252200445,3485426.5084744454,-1.0847048246946613,1.9819819290049696,0.8972725650564716
hybrid only,1985-2002,965085.0874690198,819437.1547228354,1122374.590732461,222216.62506987914,76560.23004155881,-0.8877481961851301,1.35444701719119,0.46664724199934077
left (2006 only),1985-2002,48731449.620247245,43363584.40671843,56344780.01762913,11472867.067411147,6104935.960200953,-0.6479527691604072,1.3848849944671566,0.7369242713079767
neither,1985-2002,65721492.38362353,49039142.19311643,98503202.7518506,25503163.071419235,8820296.513583504,-1.4931412563801993,2.282641505259666,0.7894540318085498
stayed (2006 & 2012),1985-2002,35897396.068794124,32315273.300044484,40978097.00728342,8831910.093664026,5249774.845714554,-0.5869871553922288,1.447247377389397,0.8602581770840022
2006 & hybrid,2002-2009,588620.5169202918,553407.8122131322,767351.9976731845,55267.60580953373,20051.30286639404,-0.8546060224092196,1.341334872221923,0.4866415212713668
entered (2012 only),2002-2009,18636310.274867,17843964.77223501,31343502.47256988,2049301.62235564,1256936.703988397,-0.6073745982559863,1.5708977276314615,0.9635082461908528
hybrid only,2002-2009,819437.1547228354,763026.1115707356,1126938.2586964704,89455.11996452634,33039.42380389407,-0.9834458205676235,1.5595220180609988,0.5759950789474557
left (2006 only),2002-2009,43363584.40671843,41777138.03480975,57020845.932038516,3612555.854514581,2026095.334265111,-0.5226394429512179,1.1901216535684715,0.6674775495829572
neither,2002-2009,49039142.19311643,45688623.25914879,99041077.83674069,6386281.624727417,3035663.3608077574,-0.9760479906244433,1.8604035584409004,0.8843266317614779
stayed (2006 & 2012),2002-2009,32315273.300044484,31221782.02470894,41559234.44096132,3006205.8902173014,1912697.8744123895,-0.4834031198907859,1.3289628725379408,0.8455523521353233
2006 & hybrid,2009-2016,553407.8122131322,535797.1815368936,768118.9056022124,40063.07822214354,22449.818800653087,-0.45460225294956524,1.03419156046779,0.5795214488744374
entered (2012 only),2009-2016,17843964.77223501,17012121.642945997,31395853.014764473,2008520.5219499823,1176672.7370491766,-0.6659659681713702,1.6080030800227403,0.9420333846113337
hybrid only,2009-2016,763026.1115707356,725124.0969414678,1126477.102881455,70566.82639614257,32653.050942346195,-0.7096183782387981,1.3211835147681432,0.611344945140829
left (2006 only),2009-2016,41777138.03480975,40314745.095675185,57217028.92950416,3396793.762045164,1934405.4763943579,-0.5000660333533429,1.1615354103873992,0.6614709682952716
neither,2009-2016,45688623.25914879,43128003.57176674,99231056.21678363,5482579.746283733,2921953.0148414425,-0.8006431062899253,1.7142685031195342,0.9136231943243719
stayed (2006 & 2012),2009-2016,31221782.02470894,29845782.06281475,41733951.74412724,3186740.6078035496,1810754.0665130785,-0.6295970645499186,1.458112345725064,0.8285214218531548
2006 & hybrid,2016-2025,535797.1815368936,496735.3049066205,767856.9636397008,61676.71886539916,22612.347238970946,-0.8100469102926647,1.2790229211667197,0.4689242708118509
entered (2012 only),2016-2025,17012121.642945997,15612296.98295955,31382148.393141538,2718863.2477365904,1319006.7518941653,-0.9142661720639637,1.7757686122614782,0.8614816472746497
hybrid only,2016-2025,725124.0969414678,639894.1456974166,1127166.9283024252,116038.11040777582,30806.615144708237,-1.3059826066484692,1.7780574984370565,0.47205123271158056
left (2006 only),2016-2025,40314745.095675185,37981398.03894751,57103240.416702114,4633208.966944329,2299847.442984478,-0.6430917111483001,1.2769546107892262,0.633858912339908
neither,2016-2025,43128003.57176674,39160690.69761586,99148948.96065956,7151952.101081788,3184590.0508707343,-1.0221028219838415,1.8425646418858563,0.8204491506239734
stayed (2006 & 2012),2016-2025,29845782.06281475,27622736.149953507,41537191.51218713,4372912.490028295,2149849.3468011045,-0.8276047211936656,1.627965936815114,0.8003548010295937
