stratum,year,nat,land,native_share
2006 & hybrid,1985,706767.802409713,766911.0761626428,0.921577252406021
2006 & hybrid,1986,699011.3566801044,766955.805257558,0.91141021671433
2006 & hybrid,1987,695107.1765801654,766910.4335578142,0.9063733470875568
2006 & hybrid,1988,689815.5701869463,766135.3063910722,0.90038347591154
2006 & hybrid,1989,684157.225171669,766534.4444060929,0.8925329189893753
2006 & hybrid,1990,679444.6781012102,766689.4708254837,0.8862058290296614
2006 & hybrid,1991,672672.6581504599,766426.5277079548,0.87767402853621
2006 & hybrid,1992,664616.0392993062,766459.1856810441,0.8671251538446313
2006 & hybrid,1993,656124.0105733861,766273.6349811798,0.8562528848973133
2006 & hybrid,1994,647194.3711251072,766934.9430115506,0.8438712788124455
2006 & hybrid,1995,637742.8142652801,766767.1401267358,0.8317294532990424
2006 & hybrid,1996,626005.8810918677,766559.5461696379,0.816643513501212
2006 & hybrid,1997,618364.3962095986,766669.7668222504,0.8065589944581238
2006 & hybrid,1998,608792.0201230817,766535.8165374186,0.7942120994073124
2006 & hybrid,1999,602191.752323393,766443.939887937,0.7856957580112649
2006 & hybrid,2000,598264.3870558213,767136.1155381388,0.7798673207246206
2006 & hybrid,2001,593624.7839202009,767145.1475191932,0.7738102572112652
2006 & hybrid,2002,588620.5169202918,767351.9976731845,0.7670801909751274
2006 & hybrid,2003,578613.1793798194,767271.7565090063,0.7541176571029272
2006 & hybrid,2004,570795.307512461,767666.6525714144,0.7435457898301256
2006 & hybrid,2005,563294.4470620338,767391.6471298801,0.7340377617723755
2006 & hybrid,2006,559662.4911597387,767253.8702557831,0.7294358658277753
2006 & hybrid,2007,557797.5693527132,767255.0979863612,0.7270040574727189
2006 & hybrid,2008,556498.4826307773,767648.3086054897,0.7249393718351477
2006 & hybrid,2009,553407.8122131322,768118.9056022124,0.7204715418106462
2006 & hybrid,2010,551552.5280901582,768091.8783408044,0.7180814478621956
2006 & hybrid,2011,549391.4105491068,767748.3688612278,0.7155878577299987
2006 & hybrid,2012,545754.7877102089,767977.0359880218,0.7106394620355825
2006 & hybrid,2013,542597.4008997047,768305.4009914398,0.7062261962489446
2006 & hybrid,2014,540071.4728261146,767535.0034769257,0.7036440949006839
2006 & hybrid,2015,537412.3215042457,767952.2597247468,0.699799127743784
2006 & hybrid,2016,535797.1815368936,767856.9636397008,0.6977825388170916
2006 & hybrid,2017,534434.7075069253,767872.1361710116,0.6959944010624995
2006 & hybrid,2018,530235.0158075292,767269.0259754545,0.6910679277498839
2006 & hybrid,2019,524695.9327997228,768069.7541262174,0.6831357828907544
2006 & hybrid,2020,522304.92140467867,768260.8425709072,0.6798536284328095
2006 & hybrid,2021,516810.9401773962,768381.1328763335,0.6725971240896852
2006 & hybrid,2022,509403.98835738306,767683.4355209689,0.6635599581638608
2006 & hybrid,2023,504063.61948830367,767851.610509873,0.6564596760480746
2006 & hybrid,2024,502421.9145480023,768025.0316195228,0.6541738795785768
2006 & hybrid,2025,496735.3049066205,767734.4668975378,0.6470144644071516
entered (2012 only),1985,22849811.38600702,31154427.841048658,0.733437041520641
entered (2012 only),1986,22440771.0101735,31383256.513547722,0.7150555265189298
entered (2012 only),1987,22048414.57643847,31359178.795108635,0.7030928558587624
entered (2012 only),1988,21505792.765794944,31145888.20688388,0.690485775295428
entered (2012 only),1989,21264020.540191684,31208150.304694105,0.6813611294673014
entered (2012 only),1990,21211925.102342945,31411056.112533197,0.6753012387214596
entered (2012 only),1991,20846645.762992017,31286136.42578832,0.6663221523834016
entered (2012 only),1992,20689408.199114636,31369296.174461093,0.6595432707208346
entered (2012 only),1993,20396033.51721176,31325030.778202903,0.6511097678283548
entered (2012 only),1994,20241961.46019139,31479849.775112506,0.643013280075891
entered (2012 only),1995,19872724.902939122,31369583.712024506,0.6335029844633087
entered (2012 only),1996,19716944.708598677,31420789.39627996,0.6275127101336623
entered (2012 only),1997,19413321.6399412,31289621.335062306,0.6204396477686726
entered (2012 only),1998,19332832.667276595,31383464.90336529,0.6160197010370104
entered (2012 only),1999,19137627.82736219,31349349.946649425,0.6104633065735258
entered (2012 only),2000,18966673.054164976,31349591.28055493,0.6050054332264724
entered (2012 only),2001,18889358.61999396,31446784.334988687,0.6006769537633474
entered (2012 only),2002,18636310.274867,31343502.47256988,0.5945828897448994
entered (2012 only),2003,18481932.558818933,31367463.072406948,0.5892071193694002
entered (2012 only),2004,18303628.808544733,31376375.498410296,0.5833570167934821
entered (2012 only),2005,18188090.778547637,31392596.277088482,0.5793751691643931
entered (2012 only),2006,17945653.619766712,31238438.768648416,0.5744734476864243
entered (2012 only),2007,17812515.56848108,31190760.782132737,0.5710830746611596
entered (2012 only),2008,17820795.128658496,31285775.66789784,0.5696133385928582
entered (2012 only),2009,17843964.77223501,31395853.014764473,0.5683541951812413
entered (2012 only),2010,17708556.618043043,31367350.299109664,0.564553793966642
entered (2012 only),2011,17485740.484492026,31230362.709584042,0.5598955300998142
entered (2012 only),2012,17570820.895845752,31451316.074369177,0.5586672702120995
entered (2012 only),2013,17383716.852962423,31413293.050743587,0.5533872817753162
entered (2012 only),2014,17116770.66220807,31283749.87564017,0.5471457459623933
entered (2012 only),2015,17114633.873761542,31401261.330544464,0.5450301404648955
entered (2012 only),2016,17012121.642945997,31382148.393141538,0.5420955069686669
entered (2012 only),2017,16925107.69028785,31371165.47191286,0.5395116004039183
entered (2012 only),2018,16738492.72145615,31256170.25898513,0.5355260283893667
entered (2012 only),2019,16780822.2889442,31414912.18831518,0.5341674103162335
entered (2012 only),2020,16712253.988144508,31498114.887553316,0.530579498100328
entered (2012 only),2021,16574147.673287746,31496890.19090087,0.5262153683374065
entered (2012 only),2022,16336031.77622387,31438389.194716,0.5196205083869101
entered (2012 only),2023,16024190.650581526,31383852.123852164,0.5105871193677629
entered (2012 only),2024,15945556.44125745,31463566.119130436,0.5067943150780437
entered (2012 only),2025,15612296.98295955,31423414.78850542,0.4968364223951394
hybrid only,1985,965085.0874690198,1122374.590732461,0.8598600640443987
hybrid only,1986,956669.3445647223,1123013.2853818075,0.8518771389596421
hybrid only,1987,950510.3634620493,1125058.6497262963,0.8448540560025817
hybrid only,1988,942134.1159575087,1123219.8031170252,0.8387798303974082
hybrid only,1989,937522.6401427315,1123699.1283518143,0.834318205370367
hybrid only,1990,935993.1888488352,1123480.0913462236,0.8331195150305423
hybrid only,1991,927914.7056921883,1122786.0127566908,0.8264394952818749
hybrid only,1992,918988.2042133242,1122879.4282517948,0.8184210887575812
hybrid only,1993,909810.4615240054,1123203.6064543526,0.8100138356891756
hybrid only,1994,900326.4395637583,1125257.0518558365,0.8001073515414899
hybrid only,1995,886450.2019412675,1125871.1718390954,0.7873460339989548
hybrid only,1996,873018.4312719735,1124767.2878345414,0.7761769396341109
hybrid only,1997,864526.2491273693,1125321.6727055563,0.7682481108257968
hybrid only,1998,858359.1283716023,1125369.7939060146,0.7627351764901629
hybrid only,1999,850361.382277614,1125698.9506486785,0.7554074575512373
hybrid only,2000,840765.166164443,1126326.4263391397,0.7464666960688771
hybrid only,2001,829058.0302051838,1126602.0216471232,0.7358925461478208
hybrid only,2002,819437.1547228354,1126938.2586964704,0.7271358021606955
hybrid only,2003,803878.476143038,1126843.7828081094,0.7133894585989217
hybrid only,2004,789871.2305480234,1127288.4091565637,0.7006824732093222
hybrid only,2005,778448.798722523,1126805.6535684832,0.6908456629208878
hybrid only,2006,771336.9652513682,1125562.4307808068,0.6852902550383535
hybrid only,2007,768728.7096562152,1125510.545237284,0.6830044488780416
hybrid only,2008,766892.747133339,1126273.7041227205,0.6809115265020671
hybrid only,2009,763026.1115707356,1126477.102881455,0.6773560772952815
hybrid only,2010,760563.7306000553,1127864.467242141,0.674339650454446
hybrid only,2011,756399.5411208997,1126264.0701918732,0.6716005252587323
hybrid only,2012,752543.7205607066,1128067.8653440513,0.6671085523131953
hybrid only,2013,746918.2675405344,1128008.2068617577,0.6621567671201105
hybrid only,2014,740682.2599120733,1127216.3618236713,0.6570896990119605
hybrid only,2015,733247.1554061583,1127939.2698111283,0.650076803806059
hybrid only,2016,725124.0969414678,1127166.9283024252,0.6433156249833769
hybrid only,2017,720011.1642489501,1127305.608011189,0.6387009513056585
hybrid only,2018,713483.0143472287,1126980.9223974925,0.6330923622286299
hybrid only,2019,704659.6138055782,1128022.8317079663,0.6246855950057645
hybrid only,2020,696221.5920730466,1128410.8298413837,0.6169930079197412
hybrid only,2021,686974.8883236812,1128018.5194817581,0.609010292348122
hybrid only,2022,674470.7284440175,1126685.9932131541,0.598632389598205
hybrid only,2023,661446.1289325124,1126260.3633855477,0.587294155451054
hybrid only,2024,655390.2853611192,1127853.637500818,0.5810951559400755
hybrid only,2025,639894.1456974166,1127167.711198639,0.5677009191621966
left (2006 only),1985,48731449.620247245,56344780.01762913,0.8648795789956083
left (2006 only),1986,48599445.600643225,56928175.95521292,0.8536975721631735
left (2006 only),1987,48132213.81926062,56845926.60826893,0.846713505981609
left (2006 only),1988,47247281.246138856,56329959.311133206,0.8387593711043348
left (2006 only),1989,47145099.31751298,56606564.8988222,0.8328556838200566
left (2006 only),1990,47103627.20753515,56908963.60689688,0.8277013711391257
left (2006 only),1991,46440433.980064385,56576250.40405013,0.8208467978772211
left (2006 only),1992,46169506.791206695,56659213.02897065,0.8148631850498802
left (2006 only),1993,45895208.868986234,56716599.249492824,0.8092024112217314
left (2006 only),1994,45850012.121242605,57122544.67129173,0.8026605324584848
left (2006 only),1995,44997551.51146711,56678924.88744549,0.7939027001804364
left (2006 only),1996,44991095.67449433,56994053.459733315,0.7893998223214787
left (2006 only),1997,44558689.9206909,56834866.90253013,0.7840027143392021
left (2006 only),1998,44439974.041812055,56985659.38831469,0.77984486832006
left (2006 only),1999,44148795.344754204,56980654.333686434,0.7748032356071742
left (2006 only),2000,43952703.15041215,57037144.36472736,0.7705978908999023
left (2006 only),2001,43766894.02315274,57140078.5333592,0.7659578906178961
left (2006 only),2002,43363584.40671843,57020845.932038516,0.7604865150264909
left (2006 only),2003,43073939.24901173,57101617.76166951,0.7543383346649399
left (2006 only),2004,42728284.38922505,57162279.614735976,0.7474909096909081
left (2006 only),2005,42409185.92829604,57137480.96726991,0.7422305850793336
left (2006 only),2006,41961090.77181966,56885431.28907314,0.7376421312266603
left (2006 only),2007,41859740.8735555,56950171.15812125,0.7350239695914624
left (2006 only),2008,41718426.16632949,57003917.33241519,0.7318519168261857
left (2006 only),2009,41777138.03480975,57217028.92950416,0.7301521735125821
left (2006 only),2010,41536771.476479195,57150221.83710667,0.7267998293142246
left (2006 only),2011,41142498.93854453,56900251.17439241,0.7230635733478176
left (2006 only),2012,41300203.856705815,57295119.13186813,0.7208328472387139
left (2006 only),2013,40974365.71302958,57211053.06471981,0.7161966703650335
left (2006 only),2014,40497527.33606645,56931482.17564033,0.7113380117371054
left (2006 only),2015,40497871.90588591,57121031.64652904,0.7089835519164116
left (2006 only),2016,40314745.095675185,57103240.416702114,0.7059975020941812
left (2006 only),2017,40194669.67964559,57126352.82655232,0.7036099399113593
left (2006 only),2018,39797328.780856535,56848372.34105866,0.7000610068850286
left (2006 only),2019,39903110.966616385,57147149.08339433,0.6982519969348974
left (2006 only),2020,39809472.655111514,57306901.477057956,0.6946715252271788
left (2006 only),2021,39610257.76817439,57352442.3556739,0.6906463986752209
left (2006 only),2022,39215409.07003264,57280357.649866976,0.6846222802891964
left (2006 only),2023,38742469.7880837,57224045.31526431,0.6770312999481232
left (2006 only),2024,38633201.6724544,57377798.7649016,0.6733127185786465
left (2006 only),2025,37981398.03894751,57274903.43697095,0.6631420702567351
neither,1985,65721492.38362353,98503202.7518506,0.6672015787059148
neither,1986,64209205.09916987,99126277.05461064,0.6477516053971818
neither,1987,62711623.9902368,99060577.43094163,0.6330633801721489
neither,1988,60809312.75140401,98504013.41549313,0.617328275700893
neither,1989,59700097.273635626,98636188.64010693,0.6052555162229848
neither,1990,59121579.50030989,99108793.6432014,0.5965321272414204
neither,1991,57784381.601027876,98678533.75548309,0.5855820856054935
neither,1992,56984546.070992984,98861157.60371196,0.5764098605785836
neither,1993,56108515.58577128,98915962.29626526,0.5672341883276583
neither,1994,55177436.77362855,99255352.27333592,0.5559139684646657
neither,1995,53683431.897342615,98866382.31034656,0.5429897467961113
neither,1996,53078443.484849095,99097226.97602968,0.5356198665144088
neither,1997,52171708.6499006,98901832.72975072,0.5275100289845973
neither,1998,51710711.173156895,99120742.36238194,0.5216941473673024
neither,1999,51023268.3762149,99090653.43777445,0.5149150460316196
neither,2000,50444010.68823529,99116755.4021107,0.5089352499845963
neither,2001,49872573.81175498,99254942.43777654,0.502469424563118
neither,2002,49039142.19311643,99041077.83674069,0.49513942360312907
neither,2003,48317470.855595365,99113115.1340566,0.4874982568174051
neither,2004,47553051.84140917,99137013.097859,0.47967000775451185
neither,2005,46981177.49695183,99108520.8491452,0.4740377224321882
neither,2006,46366332.611534975,98875630.46375193,0.46893589850264467
neither,2007,46024721.58642089,98877027.09746492,0.4654743668724331
neither,2008,45728199.7787223,98967549.68742561,0.4620524598532354
neither,2009,45688623.25914879,99231056.21678363,0.4604266547293
neither,2010,45326671.98607818,99190982.84331082,0.4569636340601589
neither,2011,44730534.81029315,98866428.71961963,0.45243401010414536
neither,2012,44726045.5473141,99297775.11349392,0.4504234409702914
neither,2013,44211104.73751076,99243595.84548356,0.4454806817595047
neither,2014,43508100.59590476,98920476.55783284,0.4398290638083228
neither,2015,43416383.38973565,99154271.9454124,0.43786699794072165
neither,2016,43128003.57176674,99148948.96065956,0.43498195415948504
neither,2017,42927683.06479905,99195953.89678869,0.4327563915506514
neither,2018,42426405.52437869,98911307.39931262,0.42893382607005687
neither,2019,42411493.92952378,99234201.81965038,0.4273878678099615
neither,2020,42127089.106941976,99361342.06888945,0.4239786644360572
neither,2021,41725064.29794836,99385162.1337671,0.4198319286513681
neither,2022,41128890.62356384,99281977.76692833,0.41426340962019215
neither,2023,40412112.601530425,99196142.6179306,0.40739600890716055
neither,2024,40150225.77690746,99348570.55378193,0.4041349115855905
neither,2025,39160690.69761586,99285343.14723898,0.3944256972506105
stayed (2006 & 2012),1985,35897396.068794124,40978097.00728342,0.8760142293189883
stayed (2006 & 2012),1986,35816705.536198966,41431041.7082869,0.8644896208109348
stayed (2006 & 2012),1987,35388588.39535668,41284954.86486155,0.8571788079021643
stayed (2006 & 2012),1988,34732992.1697311,40876147.2556122,0.8497129622450497
stayed (2006 & 2012),1989,34717619.20337793,41106665.94416475,0.8445739494060386
stayed (2006 & 2012),1990,34768376.76609068,41397791.932070434,0.8398606578617056
stayed (2006 & 2012),1991,34317386.9141826,41169493.2567356,0.8335635005312594
stayed (2006 & 2012),1992,34073461.500973016,41173840.461222835,0.8275512101685804
stayed (2006 & 2012),1993,33902734.55275629,41237512.90907707,0.8221333480393703
stayed (2006 & 2012),1994,33933681.213581495,41583953.66932018,0.8160282565584208
stayed (2006 & 2012),1995,33407299.648771048,41326197.91984815,0.8083806720754775
stayed (2006 & 2012),1996,33388528.330496233,41536464.9029103,0.8038365423860813
stayed (2006 & 2012),1997,33131053.51170146,41473530.694903426,0.7988481558376908
stayed (2006 & 2012),1998,33025527.86931178,41550300.14449543,0.7948324742411516
stayed (2006 & 2012),1999,32822456.549337745,41521850.689596996,0.7904863584888613
stayed (2006 & 2012),2000,32705213.27360414,41576300.771815404,0.7866311496326056
stayed (2006 & 2012),2001,32635927.90128715,41702518.02966475,0.7825889045374154
stayed (2006 & 2012),2002,32315273.300044484,41559234.44096132,0.7775714287025973
stayed (2006 & 2012),2003,32138473.773154646,41639453.75487305,0.7718274586969933
stayed (2006 & 2012),2004,31932286.947456647,41692633.75638754,0.7658975715959524
stayed (2006 & 2012),2005,31716473.6540466,41675221.82725162,0.7610391082143455
stayed (2006 & 2012),2006,31379724.11008606,41487610.29469666,0.7563637405767214
stayed (2006 & 2012),2007,31215476.75494611,41450301.20979881,0.7530820245901325
stayed (2006 & 2012),2008,31121997.470805626,41489899.53253219,0.7501102152923483
stayed (2006 & 2012),2009,31221782.02470894,41733951.74412724,0.7481146816896496
stayed (2006 & 2012),2010,30978631.465479426,41634663.192636356,0.7440586542551498
stayed (2006 & 2012),2011,30585718.57661576,41355552.92999412,0.7395794859372493
stayed (2006 & 2012),2012,30810917.584567457,41767877.43744642,0.737670178014465
stayed (2006 & 2012),2013,30488432.57792747,41682326.78607169,0.7314474725560498
stayed (2006 & 2012),2014,30066965.660091925,41437272.95849669,0.7256019403160726
stayed (2006 & 2012),2015,30109667.804809753,41653855.51469304,0.7228542816207932
stayed (2006 & 2012),2016,29845782.06281475,41537191.51218713,0.7185315370698068
stayed (2006 & 2012),2017,29719355.27958825,41563517.13470414,0.7150346584787355
stayed (2006 & 2012),2018,29322532.24045105,41304272.35386688,0.7099152356258829
stayed (2006 & 2012),2019,29429576.434239797,41632325.02666122,0.7068924547306255
stayed (2006 & 2012),2020,29311429.083763927,41790030.344908796,0.7013976501535344
stayed (2006 & 2012),2021,29081033.96901333,41807037.34277073,0.6956014063034777
stayed (2006 & 2012),2022,28704380.340149663,41765165.64112919,0.6872804141804332
stayed (2006 & 2012),2023,28266510.640550397,41707589.424320154,0.6777306248264706
stayed (2006 & 2012),2024,28163607.479000505,41827909.71904619,0.6733209397307345
stayed (2006 & 2012),2025,27622736.149953507,41743410.93672387,0.6617268577267205
